정비사업_매칭키,사업코드,순번,자치구,구역명,위치_지번주소,위치_도로명주소,공공민간,일반재촉,사업유형,추진단계,기존가구수,구역지정_최초,구역지정_변경최종,추진위원회승인일,조합설립인가일,건축심의일,사업시행인가_최초,사업시행인가_변경최종,관리처분인가_최초,관리처분인가_변경최종,이주개시일,이주완료일,착공일,공급세대수_합계,공급세대수_분양,공급세대수_임대
종로구|수송1-2,1460,1,종로구,수송1-2,수송동146-12,종로1길36,민간,일반,도시정비형 재개발,건축심의,0,2010-12-30,2024-11-21,,,2026-03-26,,,,,,,,0,0,0
종로구|수송1-7,1462,2,종로구,수송1-7,수송동80,종로5길68,민간,일반,도시정비형 재개발,사업시행,0,2010-12-30,2025-03-28,,,,2026-03-06,,,,,,,0,0,0
종로구|신문로2-12,1449,3,종로구,신문로2-12,신문로1가158,세종대로21길71,공공,일반,도시정비형 재개발,조합설립,0,1983-09-30,2025-12-04,,2021-08-27,,,,,,,,,128,64,64
종로구|신영1,1441,4,종로구,신영1,신영동158-2,세검정로6길62-2,민간,일반,주택정비형 재개발,착공,66,2000-06-01,2024-08-16,,2003-07-07,,2018-10-19,2025-02-19,2022-02-26,2025-10-10,2022-11-19,2023-02-01,2026-04-09,199,199,0
종로구|종로6가,1473,5,종로구,종로6가,종로6가117,종로269-3,민간,일반,도시정비형 재개발,구역지정,165,2009-10-01,2012-05-24,,,,,,,,,,,199,0,199
종로구|사직2,1475,6,종로구,사직2,사직동311-10,사직로62-2,민간,일반,도시정비형 재개발,사업시행,0,2009-11-19,2013-10-28,2003-11-21,2010-07-19,2011-11-10,2012-09-21,,,,,,,456,378,78
종로구|돈의문2,1443,7,종로구,돈의문2,교남동28,통일로150-7,민간,재촉,도시정비형 재개발,관리처분,18,2003-11-18,2006-04-13,2007-12-13,2024-06-21,2023-11-13,2024-06-21,,2025-05-23,,,,,228,150,78
종로구|세운4,1477,8,종로구,세운4,예지동85,종로30길19-8,민간,재촉,도시정비형 재개발,관리처분,0,2004-02-05,2014-03-27,,,2018-11-27,2018-06-29,2021-12-17,2020-02-28,,2021-11-01,2021-12-31,,0,0,0
서대문구|영천,1171,9,서대문구,영천,영천동69-20,영천시장길14,민간,일반,주택정비형 재개발,착공,139,2006-02-23,2006-02-01,2006-09-01,2008-03-27,2021-11-01,2011-04-25,2026-04-09,2020-02-01,2025-04-18,2020-08-01,2021-05-01,2022-11-30,199,199,0
종로구|공평3,2723,10,종로구,공평3,공평동1,인사동5길41,민간,일반,도시정비형 재개발,사업시행,0,1978-09-26,2024-11-14,,,2025-06-19,2026-05-08,,,,,,,0,0,0
종로구|관수동일반정비3,2618,11,종로구,관수동일반정비3,관수동59일대,돈화문로15,민간,일반,도시정비형 재개발,관리처분,0,2024-04-11,2025-02-06,,,2025-05-15,2025-08-22,,2026-05-15,,,,,0,0,0
종로구|관수동일반정비8,2623,12,종로구,관수동일반정비8,관수동129-1일대,청계천로113,민간,일반,도시정비형 재개발,관리처분,0,2024-04-11,2024-02-06,,,2025-04-24,2025-09-26,,2026-04-24,,,,,0,0,0
종로구|내자필운2-1,2536,13,종로구,내자필운2-1,내자동81,사직로12길19-12,민간,일반,도시정비형 재개발,구역지정,0,2011-05-06,2025-09-11,,,,,,,,,,,376,55,321
종로구|서린345지구,2598,14,종로구,서린345지구,서린동111-1번지일대,,민간,일반,도시정비형 재개발,사업시행,0,1983-09-06,2025-01-02,,,2024-11-29,2025-04-08,2025-04-08,,,,,,0,0,0
종로구|수송1-3,2373,15,종로구,수송1-3,수송동146-2,종로1길36,공공,일반,도시정비형 재개발,사업시행,0,2010-12-30,2025-01-17,,,2024-01-09,2025-02-14,,,,,,,0,0,0
종로구|숭인동56일대,2595,16,종로구,숭인동56일대,숭인동56-4번지일원,,민간,일반,주택정비형 재개발,구역지정,709,2024-12-19,,,,,,,,,,,,974,804,170
종로구|창신1-6,2282,17,종로구,창신1-6,창신동438-1번지일원,종로46길23,민간,일반,도시정비형 재개발,조합설립,0,2022-04-28,2026-03-12,,2022-10-07,,,,,,,,,0,0,0
종로구|창신3,2291,18,종로구,창신3,창신동412-1번지일원,종로54길39,민간,일반,도시정비형 재개발,구역지정,0,2022-04-28,,,,,,,,,,,,0,0,0
종로구|창신4-1,2292,19,종로구,창신4-1,창신동330-1번지일원,종로328,민간,일반,도시정비형 재개발,추진위,0,2007-04-30,2022-04-28,2017-07-04,,,,,,,,,,0,0,0
종로구|창신동23-606번지일원,2593,20,종로구,창신동23-606번지일원,창신동23-606번지일원,,민간,일반,주택정비형 재개발,구역지정,2172,2025-11-13,,,,,,,,,,,,2667,2342,325
종로구|창신동23일대,2597,21,종로구,창신동23일대,창신동23-2번지일원,,민간,일반,주택정비형 재개발,구역지정,426,2024-12-19,,,,,,,,,,,,1034,879,155
종로구|창신동629번지일원,2594,22,종로구,창신동629번지일원,창신동629번지일원,,민간,일반,주택정비형 재개발,구역지정,1780,2025-11-13,,,,,,,,,,,,1875,1646,229
중구|광희동일반정비지구1지구,2510,23,중구,광희동일반정비지구1지구,광희동1가303-1,마른내로137,민간,일반,도시정비형 재개발,구역지정,0,2024-04-18,2024-04-18,,,,,,,,,,,0,0,0
중구|남대문-7-1,2463,24,중구,남대문-7-1,남창동9-1,퇴계로63,민간,일반,도시정비형 재개발,관리처분,0,1977-06-29,2025-02-27,,2022-06-22,2025-05-15,2022-06-22,2025-11-21,2026-05-27,,,,,299,0,299
중구|남대문로5가1구역,2513,25,중구,남대문로5가1구역,남대문로5가84-1,세종대로10-2,민간,일반,도시정비형 재개발,구역지정,0,2025-05-29,2025-05-29,,,,,,,,,,,0,0,0
"중구|마포로5-10,11",2494,26,중구,"마포로5-10,11",중림동157-2,서소문로26,민간,일반,도시정비형 재개발,착공,0,1979-09-21,2023-12-28,2025-10-01,2022-08-24,2024-04-18,2022-08-24,2024-11-15,2023-08-30,2025-12-10,,,2026-03-26,299,205,94
중구|마포로5-9-1,1555,27,중구,마포로5-9-1,순화동6-10,,민간,일반,도시정비형 재개발,착공,15,1979-09-21,2025-12-11,2025-10-01,2022-07-22,2022-03-16,2022-07-22,2023-11-03,2023-06-20,2023-06-20,2020-07-01,2022-10-01,2024-01-12,102,63,39
중구|명동-1,2458,28,중구,명동-1,을지로2가185,을지로76,민간,일반,도시정비형 재개발,착공,0,1983-09-30,2025-04-02,2025-10-01,2024-06-03,2024-03-04,2024-06-03,2025-04-30,2025-02-12,2025-02-12,2024-07-01,2024-12-21,2025-07-30,0,0,0
중구|명동-2,2423,29,중구,명동-2,을지로2가163-3,을지로80-1,민간,일반,도시정비형 재개발,관리처분,1,1983-09-30,2020-11-26,,2023-09-20,2023-01-18,2023-09-20,2023-09-20,2025-07-23,,,,,0,0,0
중구|무교다동-16,2499,30,중구,무교다동-16,다동130,다동길30,민간,일반,도시정비형 재개발,건축심의,0,1973-09-06,2022-08-25,,,2023-03-07,,,,,,,,0,0,0
중구|무교다동-29,2500,31,중구,무교다동-29,을지로1가16,무교로6,민간,일반,도시정비형 재개발,관리처분,0,1973-09-06,2024-08-07,,2024-11-20,2024-03-26,2024-11-20,2024-11-20,2025-09-17,,,,,0,0,0
중구|무교다동-31,2504,32,중구,무교다동-31,을지로1가42,남대문로9길39,민간,일반,도시정비형 재개발,착공,0,1973-09-06,2023-09-21,,2024-06-19,2024-01-23,2024-06-19,2024-06-19,2024-11-22,2024-11-22,2024-11-22,2024-12-31,2025-08-25,0,0,0
중구|봉래-2,2590,33,중구,봉래-2,봉래동1가48-3,칠패로36,민간,일반,도시정비형 재개발,건축심의,0,2017-08-24,2025-03-20,,,2025-12-04,,,,,,,,0,0,0
중구|봉래-3,2512,34,중구,봉래-3,남대문로5가63-1,세종대로1길7,민간,일반,도시정비형 재개발,관리처분,0,2017-08-24,2024-08-07,,,2024-09-13,2025-06-25,2025-06-25,2026-02-04,,,,,0,0,0
중구|서-서1·2-1,2420,35,중구,서-서1·2-1,순화동7,서소문로88,민간,일반,도시정비형 재개발,착공,0,1973-09-06,2024-06-20,2025-10-01,2022-07-27,2024-09-13,2022-07-27,2022-07-16,2022-12-28,2022-12-28,2021-03-01,2022-06-01,2025-11-07,0,0,0
중구|서소문-10,2421,36,중구,서소문-10,서소문58-7,서소문로106,민간,일반,도시정비형 재개발,착공,0,1973-09-06,2021-12-30,2025-10-01,2022-09-21,2024-08-20,2022-09-21,2024-11-15,2024-03-20,2024-03-20,2020-07-01,2022-04-01,2025-01-15,0,0,0
"중구|서소문-11,12",2422,37,중구,"서소문-11,12",서소문동58-9,서소문로100,민간,일반,도시정비형 재개발,착공,0,1973-09-06,2023-09-14,2025-10-01,2023-02-08,2024-04-18,2023-02-08,2024-11-15,2025-03-12,2025-03-12,2024-08-01,2024-11-10,2025-03-31,0,0,0
"중구|세운3-2,3",2495,38,중구,"세운3-2,3",입정동175-1,,민간,재촉,도시정비형 재개발,착공,0,2009-03-19,2023-12-07,2025-10-01,2017-04-26,2024-03-26,2017-04-26,2025-02-12,2021-07-07,2025-06-25,2022-06-20,2023-12-31,2025-03-20,0,0,0
"중구|세운3-8,9,10",2491,39,중구,"세운3-8,9,10",을지로3가227,을지로15길10,민간,재촉,도시정비형 재개발,사업시행,2,2009-03-19,2023-12-07,,2021-11-17,2024-03-26,2021-11-17,2025-06-18,,,,,,0,0,0
"중구|세운5-1,3",2492,40,중구,"세운5-1,3",산림동190-3,을지로19길28,민간,재촉,도시정비형 재개발,관리처분,0,2009-03-19,2023-10-26,,2020-09-16,2024-02-13,2020-09-16,2024-06-19,2024-12-13,2024-12-13,2025-03-01,2025-08-31,,0,0,0
중구|세운6-1-3,2640,41,중구,세운6-1-3,인현동1가31,을지로20길24-10,민간,재촉,도시정비형 재개발,추진위,0,2006-10-26,2025-07-24,2025-10-01,,,,,,,,,,0,0,0
중구|세운6-3-3,2493,42,중구,세운6-3-3,을지로4가310-2,을지로22길11,민간,재촉,도시정비형 재개발,착공,0,2009-03-19,2025-04-24,2025-10-01,2017-11-17,2024-03-26,2017-11-17,2025-06-25,2020-10-21,2021-05-20,2020-12-01,2021-05-25,2021-07-02,0,0,0
"중구|세운6-4-22,23",2459,43,중구,"세운6-4-22,23",충무로4가108-21,퇴계로223,민간,재촉,도시정비형 재개발,사업시행,0,2009-03-19,2024-01-25,,2022-09-23,2021-09-15,2022-09-23,2022-09-23,,,,,,0,0,0
중구|수표,1651,44,중구,수표,입정동237,충무로13길7,민간,일반,도시정비형 재개발,착공,0,2010-08-26,2025-02-19,,2020-11-18,2024-10-31,2020-11-18,2025-04-25,2022-06-29,2023-11-01,2022-06-01,2024-06-01,2024-07-05,0,0,0
중구|신당10,2065,45,중구,신당10,신당동236-100,다산로33라길32-7,민간,일반,주택정비형 재개발,조합설립,899,2023-06-22,2023-06-22,,2023-12-27,,,,,,,,,1423,1107,316
중구|신당8,1503,46,중구,신당8,청구동321-1,다산로28길22,민간,일반,주택정비형 재개발,관리처분,1182,2007-05-25,2023-06-07,2004-12-30,2016-12-12,2017-12-19,2018-12-05,2026-03-04,2024-05-31,2024-05-31,2024-11-01,2025-12-31,,1159,983,176
중구|신당9,1504,47,중구,신당9,신당동432-1008,다산로5길6-10,민간,일반,주택정비형 재개발,건축심의,261,2010-11-04,2022-11-09,2005-01-24,2018-04-20,2020-11-18,,,,,,,,504,432,72
"중구|양동-11,12",2419,48,중구,"양동-11,12",남대문로5가580,,민간,일반,도시정비형 재개발,착공,173,1978-09-26,2024-08-29,,2023-03-22,2025-01-16,2023-03-22,2025-06-30,2025-10-22,,2025-11-13,,2026-05-27,0,0,0
"중구|양동-4-2,7",2501,49,중구,"양동-4-2,7",남대문로5가395,소월로50,민간,일반,도시정비형 재개발,관리처분,0,1978-09-26,2024-12-18,,2024-12-24,2024-07-16,2024-12-24,2024-12-24,2025-03-19,2025-03-19,2025-02-03,2025-04-11,,0,0,0
"중구|양동-8-1,6",2514,50,중구,"양동-8-1,6",남대문로5가526,퇴계로18,민간,일반,도시정비형 재개발,관리처분,0,1978-09-26,2025-04-23,,2025-04-30,2024-12-23,2025-04-30,2025-04-30,2025-10-24,,,,,0,0,0
"중구|을지로2가-1,3,6,18",2498,51,중구,"을지로2가-1,3,6,18",삼각동66-1,청계천로54,민간,일반,도시정비형 재개발,구역지정,0,1977-06-29,2024-12-05,,,,,,,,,,,0,0,0
"중구|을지로3가-1,2",2418,52,중구,"을지로3가-1,2",수표동56-9,삼일대로12길15,민간,일반,도시정비형 재개발,착공,0,2016-10-06,2023-07-20,2025-10-01,2023-09-27,2023-07-11,2023-09-27,2025-10-01,2024-03-11,2024-03-11,2023-03-01,2024-02-01,2025-08-22,0,0,0
중구|을지로3가-10,2461,53,중구,을지로3가-10,을지로3가95-12,을지로11길12,민간,일반,도시정비형 재개발,착공,0,2016-10-06,2024-09-25,2025-10-01,2024-02-28,2023-11-13,2024-02-28,2024-02-28,2024-09-27,2024-09-27,,,2026-03-20,0,0,0
중구|을지로3가-12,1664,54,중구,을지로3가-12,을지로3가65-14,충무로9길17,민간,일반,도시정비형 재개발,착공,0,2016-10-06,2021-01-28,2025-10-01,2021-09-01,2021-04-28,2021-09-01,2025-01-02,2022-06-15,2022-06-15,2022-11-30,2023-06-30,2023-09-27,0,0,0
중구|을지로3가-13,2724,55,중구,을지로3가-13,을지로3가118-1일대,충무로61,민간,일반,도시정비형 재개발,건축심의,0,2016-10-06,,2025-10-01,,2025-12-15,,,,,,,,0,0,0
중구|을지로3가-6,1658,56,중구,을지로3가-6,수표동35-10,수표로66,민간,일반,도시정비형 재개발,착공,0,2016-10-06,2020-11-26,2025-10-01,2021-06-16,2020-12-16,2021-03-03,2021-06-16,2022-04-06,2022-04-06,2022-05-01,2022-12-31,2023-04-06,0,0,0
중구|을지로3가-9,1661,57,중구,을지로3가-9,을지로3가5-1,충무로9길29,민간,일반,도시정비형 재개발,착공,0,2016-10-06,2024-08-16,2025-10-01,2022-12-21,2024-10-11,2022-12-21,2025-02-12,2023-09-13,2025-03-26,2023-10-01,2023-12-31,2025-04-15,0,0,0
중구|중림동398,2393,58,중구,중림동398,중림동398,서소문로8,민간,일반,주택정비형 재개발,조합설립,280,2023-09-14,2023-09-14,,2024-12-19,,,,,,,,,791,600,191
용산구|한강맨션아파트,1351,59,용산구,한강맨션아파트,이촌동300-23,이촌로248,민간,일반,아파트지구재건축,관리처분,660,2018-03-15,2023-09-07,2003-12-26,2017-06-05,2019-09-10,2021-09-24,,2022-12-02,,,,,1441,1303,138
용산구|후암1,1346,60,용산구,후암1,후암동142-4,한강대로98나길26,민간,일반,단독주택재건축,추진위,704,,,2007-04-23,,,,,,,,,,0,0,0
용산구|한강삼익아파트,1348,61,용산구,한강삼익아파트,이촌동300-301,이촌로264,민간,일반,아파트지구재건축,사업시행,252,2018-03-15,2023-04-28,,2003-05-10,2019-03-12,2020-06-05,,,,,,,329,277,52
용산구|왕궁아파트,1350,62,용산구,왕궁아파트,이촌동300-11,이촌로88길15,민간,일반,아파트지구재건축,조합설립,250,2023-09-07,2024-11-14,2006-05-23,2008-12-09,,,,,,,,,318,260,58
용산구|청화아파트,1358,63,용산구,청화아파트,이태원동22-2,장문로27,민간,일반,공동주택재건축,추진위,578,2026-06-18,,2009-12-30,,,,,,,,,,0,0,0
용산구|이촌1,1347,64,용산구,이촌1,이촌동203-1,"이촌로80-8,60,이촌로14길11-22",민간,일반,단독주택재건축,추진위,520,,,2007-02-23,,,,,,,,,,0,0,0
용산구|신동아아파트,1354,65,용산구,신동아아파트,서빙고동241-21,서빙고로241-21일대,민간,일반,아파트지구재건축,사업시행,1326,,,2017-10-13,2021-01-07,,2020-05-29,,,,,,,1903,1644,259
용산구|중산시범아파트,1357,66,용산구,중산시범아파트,이촌동211-2,이촌로2가길36,민간,일반,공동주택재건축,추진위,266,,2016-01-12,2005-07-12,,,,,,,,,,0,0,0
용산구|강변강서아파트,1353,67,용산구,강변강서아파트,"이촌동193-3,5","이촌로104,이촌로34길10",공공,일반,아파트지구재건축,조합설립,213,,1976-08-21,1993-04-12,1993-04-12,,,,,,,,,209,185,24
용산구|동자동2,1383,68,용산구,동자동2,동자동15-1,한강대로392,민간,일반,도시정비형 재개발,관리처분,15,1978-11-30,2025-02-27,,,,1985-12-26,,2020-09-25,,,,,0,0,0
용산구|신용산역북측1,1389,69,용산구,신용산역북측1,한강로2가2-116,한강로2가2-116,민간,일반,도시정비형 재개발,사업시행,71,2015-07-01,2023-01-20,,,,2021-12-31,,,,,,,324,295,29
용산구|신용산역북측2,1390,70,용산구,신용산역북측2,한강로2가2-194,새창로209,민간,일반,도시정비형 재개발,사업시행,75,2015-07-01,2023-11-10,,,,2020-12-10,,,,,,,340,314,26
용산구|정비창전면1,1391,71,용산구,정비창전면1,한강로3가40-641,한강대로15길19-17,민간,일반,도시정비형 재개발,조합설립,619,2018-04-05,2018-04-05,2018-11-21,2021-08-30,,,,,,,,,777,678,99
용산구|용산역전면1-2,1379,72,용산구,용산역전면1-2,한강로3가40-712,한강대로21나길40,민간,일반,도시정비형 재개발,추진위,0,2006-01-19,,2018-07-13,,,,,,,,,,0,0,0
용산구|정비창전면3,1392,73,용산구,정비창전면3,한강로3가40-19,한강대로23,민간,일반,도시정비형 재개발,조합설립,20,2018-04-05,,,2022-08-10,,,,,,,,,128,128,0
용산구|남영동업무지구2,1959,74,용산구,남영동업무지구2,갈월동92,한강대로273일대,민간,일반,도시정비형 재개발,조합설립,32,2022-08-18,,2022-10-19,2023-04-14,,,,,,,,,565,456,109
강남구|개포주공5단지,1008,75,강남구,개포주공5단지,개포동187,삼성로4길17,민간,일반,공동주택재건축,관리처분,940,2017-09-07,2017-09-07,2019-02-12,2020-12-01,2022-12-20,2023-10-12,,2025-09-29,,2026-01-08,2026-05-07,,1279,1134,145
용산구|서계통합구역,2482,76,용산구,서계통합구역,서계동33번지일대,,민간,일반,주택정비형 재개발,추진위,2892,2025-04-10,,2025-11-28,,,,,,,,,,2691,2103,588
용산구|청파1구역,2480,77,용산구,청파1구역,청파동2가11-1,청파로57길23,민간,일반,주택정비형 재개발,조합설립,640,2022-07-14,,2005-08-12,2023-02-17,,,,,,,,,697,581,116
용산구|청파2구역,2481,78,용산구,청파2구역,청파동1가89-18,청파로71나길23-4,민간,일반,주택정비형 재개발,조합설립,1408,2024-10-31,,,2026-06-23,,,,,,,,,1905,1498,407
용산구|한강로,2182,79,용산구,한강로,한강로1가158번지일대,,민간,일반,도시정비형 재개발,건축심의,468,2011-10-13,2011-10-13,2012-05-10,2012-10-18,2013-10-15,,,,,,,,406,362,44
용산구|한강로1가(삼각맨션일대),2241,80,용산구,한강로1가(삼각맨션일대),한강로160일대,,민간,일반,도시정비형 재개발,구역지정,0,2026-05-15,,,,,,,,,,,,0,0,0
용산구|한남2구역,2476,81,용산구,한남2구역,보광동272-3,우사단로4길4-5,민간,재촉,주택정비형 재개발,관리처분,1799,2009-10-01,2009-10-01,2010-06-28,2012-06-01,2020-08-11,2021-11-26,,2025-07-25,,2026-01-23,2026-07-31,,1537,1299,238
용산구|한남3구역,2477,82,용산구,한남3구역,한남동686,이태원로222-32,민간,재촉,주택정비형 재개발,관리처분,8373,2009-10-01,2009-10-01,2010-08-01,2012-09-04,2017-10-24,2019-03-29,2024-09-13,2023-06-23,2023-09-15,2023-10-30,2025-07-01,,5970,4950,1020
용산구|한남4구역,2478,83,용산구,한남4구역,보광동360,장문로15가길7-16,민간,재촉,주택정비형 재개발,사업시행,3423,2009-10-01,2009-10-01,2010-09-29,2015-01-06,2024-05-28,2025-11-14,,,,,,,2331,1981,350
용산구|한남5구역,2479,84,용산구,한남5구역,동빙고동60,서빙고로75가길5-19,민간,재촉,주택정비형 재개발,사업시행,2635,2009-10-01,2009-10-01,2010-06-15,2012-08-22,2024-04-09,2026-04-30,,,,,,,2592,2202,390
성동구|성수전략1,1220,85,성동구,성수전략1,성수동1가72-10,,민간,일반,주택정비형 재개발,조합설립,3121,2009-04-23,2025-03-27,2009-10-27,2017-07-18,,,,,,,,,3014,2475,539
성동구|성수전략2,1221,86,성동구,성수전략2,성수동2가506,,민간,일반,주택정비형 재개발,조합설립,2339,2009-04-23,2025-03-27,2009-10-27,2020-03-06,,,,,,,,,2609,2114,495
성동구|성수전략3,1222,87,성동구,성수전략3,성수동2가572-7,,민간,일반,주택정비형 재개발,조합설립,2005,2009-04-23,2025-03-27,2009-10-27,2019-02-27,,,,,,,,,2213,1772,441
성동구|성수전략4,1223,88,성동구,성수전략4,성수동2가219-4,,민간,일반,주택정비형 재개발,건축심의,1602,2009-04-23,2025-03-27,2009-10-22,2016-07-25,2026-05-21,,,,,,,,1439,1172,267
성동구|금호16,1227,89,성동구,금호16,금호동2가501-31,,민간,일반,주택정비형 재개발,관리처분,483,2007-07-12,2007-07-12,2005-09-30,2008-04-21,2008-02-25,2009-12-17,2024-01-04,2024-04-11,,2024-08-29,2025-08-30,,595,475,120
성동구|응봉1,1224,90,성동구,응봉1,응봉동193-162,독서당로60가길6-1,민간,일반,단독주택재건축,관리처분,621,2011-10-27,2023-03-23,2006-08-29,2016-04-22,2021-07-27,2023-04-20,2023-04-20,2026-04-09,,,,,525,525,0
성동구|한남하이츠,1229,91,성동구,한남하이츠,옥수동220-1,,민간,일반,공동주택재건축,사업시행,535,2017-02-16,2017-02-16,2003-12-26,2018-05-18,2019-05-28,2020-05-21,2020-05-21,,,,,,790,787,3
성동구|장미아파트,1225,92,성동구,장미아파트,성수동1가656-421,왕십리로66-15,민간,일반,공동주택재건축,착공,173,2016-09-08,2021-01-07,2004-01-26,2019-03-14,2020-08-04,2021-07-22,2024-03-07,2022-09-29,2024-11-28,2023-01-20,2023-05-30,2024-10-23,287,260,27
성동구|장안평중고차매매센터,1226,93,성동구,장안평중고차매매센터,용답동234,,민간,일반,도시정비형 재개발,건축심의,0,2018-01-11,2018-01-11,2018-05-15,2020-03-23,2023-02-14,,,,,,,,0,0,0
성동구|성수1,1219,94,성동구,성수1,성수동1가656-1267,,민간,일반,단독주택재건축,건축심의,143,2008-06-05,2022-10-20,2004-01-15,2020-08-06,2021-03-09,,,,,,,,322,272,50
성동구|금호21구역,2063,95,성동구,금호21구역,금호동3가1번지일대,무수막길31,민간,일반,주택정비형 재개발,조합설립,1741,2023-09-07,2023-09-07,,2024-10-18,,,,,,,,,1219,999,220
성동구|마장동382번지일대,2075,96,성동구,마장동382번지일대,마장동382,살곶이2길37,민간,일반,주택정비형 재개발,추진위,125,2025-08-28,,2026-03-19,,,,,,,,,,262,222,40
성동구|마장세림아파트,1776,97,성동구,마장세림아파트,마장동784,마장로42길16,민간,일반,공동주택재건축,조합설립,841,2022-06-23,2022-06-23,2023-02-20,2023-12-22,,,,,,,,,996,915,81
성동구|사근동293번지일대,2339,98,성동구,사근동293번지일대,사근동293,,민간,일반,주택정비형 재개발,구역지정,0,2026-06-25,,,,,,,,,,,,0,0,0
성동구|왕십리역세권4,2389,99,성동구,왕십리역세권4,행당동248번지,,민간,일반,도시정비형 재개발,추진위,79,2024-02-15,2024-02-15,2024-03-25,,,,,,,,,,631,477,154
광진구|극동아파트,2457,100,광진구,극동아파트,광장동218-1,아차산로552,민간,일반,공동주택재건축,구역지정,1344,2026-04-30,,,,,,,,,,,,2049,1670,379
광진구|신향빌라,2024,101,광진구,신향빌라,중곡4동18-24,용마산로24길13,민간,일반,공동주택재건축,조합설립,156,2022-06-02,2022-06-02,,2026-04-17,,,,,,,,,339,322,17
광진구|자양4동A구역주택재개발사업,2330,102,광진구,자양4동A구역주택재개발사업,자양4동57-90번지일대,능동로3마길10-3,민간,일반,주택정비형 재개발,구역지정,1445,2025-07-03,,,,,,,,,,,,2999,2447,552
광진구|자양5재정비촉진구역,2025,103,광진구,자양5재정비촉진구역,자양동680-81,자양로72,민간,재촉,도시정비형 재개발,구역지정,224,2018-01-18,2026-02-26,,,,,,,,,,,925,616,309
광진구|자양7,1079,104,광진구,자양7,자양동464-40,자양번영로3길38-14,민간,일반,단독주택재건축,조합설립,432,2018-08-30,2025-07-17,2008-02-05,2021-10-03,,,,,,,,,917,874,43
광진구|자양한양아파트,2193,105,광진구,자양한양아파트,자양동695,구의강변로11,민간,일반,공동주택재건축,추진위,444,2024-05-30,,2025-04-07,,,,,,,,,,859,652,207
광진구|중곡아파트,1080,106,광진구,중곡아파트,중곡동190-26,긴고랑로1길55,공공,일반,공동주택재건축,건축심의,276,2014-11-13,2026-06-16,2005-09-01,2022-07-19,2026-02-05,,,,,,,,348,308,40
동대문구|이문4,1119,107,동대문구,이문4,이문동86-1,외대역동로34길52,민간,재촉,주택정비형 재개발,관리처분,2629,2008-01-07,2026-02-26,2004-06-23,2017-03-16,2021-10-26,2023-02-14,2026-04-09,2024-04-01,,2024-11-25,2026-06-30,,3488,2778,710
동대문구|전농8,1116,108,동대문구,전농8,전농동204,전농로17길26,민간,재촉,주택정비형 재개발,건축심의,1581,2008-07-10,2025-06-05,2005-09-27,2021-12-08,2026-01-15,,,,,,,,1728,1404,324
서초구|신반포16차,1311,109,서초구,신반포16차,잠원동55-12,서초구잠원로157,민간,일반,아파트지구재건축,관리처분,396,2022-04-07,,2017-03-23,2018-02-21,2023-05-11,2023-11-02,,2025-09-17,,2026-02-01,2026-05-20,,468,400,68
동대문구|전농12,1125,110,동대문구,전농12,전농동643-51,서울시립대로49,민간,재촉,주택정비형 재개발,조합설립,348,2009-06-25,2009-06-25,2007-01-31,2022-01-14,,,,,,,,,545,415,130
동대문구|용두1-1,1935,111,동대문구,용두1-1,용두동24-1,왕산로138-1,민간,재촉,도시정비형 재개발,구역지정,0,2007-05-17,2007-05-17,,,,,,,,,,,0,0,0
동대문구|용두1-2,1936,112,동대문구,용두1-2,용두동23-8,왕산로142-1,민간,재촉,도시정비형 재개발,사업시행,30,2007-05-17,2007-05-17,2019-05-07,2019-10-23,2022-04-26,2022-11-23,2026-02-10,,,,,,243,211,32
동대문구|용두1-4,1938,113,동대문구,용두1-4,용두동26-3,고산자로32길15-9,민간,재촉,도시정비형 재개발,사업시행,32,2005-05-17,2007-05-17,,2024-06-07,2025-03-25,2026-04-09,,,,,,,58,58,0
동대문구|용두1-5,1939,114,동대문구,용두1-5,용두동23-1,왕산로150,민간,재촉,도시정비형 재개발,조합설립,98,2005-05-17,2007-05-17,2019-11-12,2026-03-19,,,,,,,,,324,324,0
동대문구|용두1-6,1940,115,동대문구,용두1-6,용두동14-1,왕산로154,공공,재촉,도시정비형 재개발,건축심의,136,2005-05-17,2007-05-17,,2021-07-14,2025-06-19,,,,,,,,958,546,412
동대문구|청량리6,1108,116,동대문구,청량리6,청량리동205,홍릉로90,민간,일반,주택정비형 재개발,사업시행,950,2008-11-13,2022-10-06,2004-08-04,2019-05-07,2022-04-22,2024-11-07,,,,,,,1493,1239,254
동대문구|제기4,1106,117,동대문구,제기4,제기동288,홍릉로15길11,민간,일반,주택정비형 재개발,관리처분,412,2005-12-29,2024-04-18,2006-06-20,2016-05-16,2017-09-26,2019-03-07,2026-03-19,2022-08-25,2022-08-25,2023-06-17,2024-07-01,,909,753,156
동대문구|제기6,1107,118,동대문구,제기6,제기동120-104,고산자로52길20,민간,일반,주택정비형 재개발,관리처분,556,2009-02-12,2025-09-12,2004-08-31,2017-12-27,2019-07-24,2020-12-24,2023-03-08,2023-11-09,,2025-06-01,2026-07-06,,423,350,73
동대문구|청량리8,1113,119,동대문구,청량리8,청량리동435,홍릉로12길18,민간,일반,주택정비형 재개발,관리처분,381,2010-11-25,2023-09-07,2006-01-09,2018-07-11,2022-04-26,2024-07-11,2025-06-18,2025-09-25,,2026-02-25,2027-03-20,,610,460,150
양천구|신정4,1423,120,양천구,신정4,양천구신정동1200,양천구중앙로45길27-19,민간,재촉,단독주택재건축,관리처분,1592,2017-08-17,2022-02-17,2018-06-11,2019-08-27,2022-09-27,2024-07-25,,2025-09-25,,2026-03-16,2026-08-30,,1713,1651,62
동대문구|제기1(경동미주아파트),1114,121,동대문구,제기1(경동미주아파트),제기동892-68,정릉천동로80,민간,일반,공동주택재건축,착공,228,2012-10-18,2018-12-27,2008-01-01,2019-05-01,2020-06-23,2021-04-01,2025-07-07,2023-04-13,,2023-07-15,2024-01-12,2025-03-31,351,306,45
동대문구|답십리자동자부품상가,2442,122,동대문구,답십리자동자부품상가,답십리동952,전농로4길62,민간,일반,도시정비형 재개발,사업시행,0,2020-09-03,2025-01-23,2020-09-01,2021-10-01,2023-06-01,2025-04-03,,,,,,,618,478,140
서초구|신반포12차,1309,123,서초구,신반포12차,잠원동50-5,서초구나루터로37,민간,일반,아파트지구재건축,관리처분,324,2022-03-24,2022-03-24,2015-09-17,2021-04-20,2023-09-12,2024-06-04,,2025-09-22,,2026-03-24,2026-07-30,,432,387,45
동대문구|신설동역세권,2863,124,동대문구,신설동역세권,신설동91-1일원,왕산로7가길7,민간,일반,도시정비형 재개발,추진위,0,2026-03-05,,2026-02-25,,,,,,,,,,609,391,218
동대문구|신이문2역세권,2869,125,동대문구,신이문2역세권,이문동170-65,신이문로20길58,민간,일반,도시정비형 재개발,구역지정,0,2026-04-16,,,,,,,,,,,,757,481,276
동대문구|신이문역세권,2520,126,동대문구,신이문역세권,이문동168-1,신이문로24길31,민간,일반,도시정비형 재개발,조합설립,0,2020-12-03,2024-06-13,,2024-09-12,,,,,,,,,1265,899,366
동대문구|용두3구역,2333,127,동대문구,용두3구역,용두동39-361일대,천호대로43길46,민간,일반,주택정비형 재개발,구역지정,409,2026-03-26,,,,,,,,,,,,695,549,146
동대문구|용두구역6지구,1128,128,동대문구,용두구역6지구,용두동52-1,천호대로27길73,민간,일반,도시정비형 재개발,추진위,0,2000-02-09,,2012-04-05,,,,,,,,,,0,0,0
동대문구|용두구역7지구,1129,129,동대문구,용두구역7지구,용두동53-6,왕산로길6길27,민간,일반,도시정비형 재개발,추진위,0,2000-02-09,,2012-04-05,,,,,,,,,,0,0,0
동대문구|전농13,2440,130,동대문구,전농13,전농동295-29,사가정로104,민간,재촉,도시정비형 재개발,구역지정,274,2024-08-22,,,,,,,,,,,,949,795,154
동대문구|전농9,2101,131,동대문구,전농9,전농동103-236,전농로37길39,공공,일반,주택정비형 재개발,조합설립,884,2023-06-29,2023-06-29,2007-07-04,2023-07-13,,,,,,,,,1159,920,239
동대문구|청량리미주아파트,2202,132,동대문구,청량리미주아파트,청량리동235-1,청량리동235-1,민간,일반,공동주택재건축,조합설립,1089,2023-08-03,2023-08-03,2024-10-07,2026-02-04,,,,,,,,,1370,1208,162
동대문구|청량리9,2076,133,동대문구,청량리9,청량리동19,왕산로51길13,민간,일반,주택정비형 재개발,추진위,618,2025-06-26,,2026-01-13,,,,,,,,,,843,680,163
동대문구|휘경5,2057,134,동대문구,휘경5,휘경동43-8,한천로47길2,민간,일반,주택정비형 재개발,구역지정,459,2023-06-22,,,,,,,,,,,,634,589,45
중랑구|상봉7,1674,135,중랑구,상봉7,상봉동88,상봉로25가길27,민간,재촉,도시정비형 재개발,사업시행,349,2009-08-13,2020-07-16,2009-09-08,2011-12-01,2023-07-25,2015-11-19,,,,,,,841,719,122
중랑구|상봉9,1675,136,중랑구,상봉9,상봉동83-1,상봉로117,민간,재촉,도시정비형 재개발,착공,2,2015-04-16,2021-07-29,,,2022-04-12,2022-12-29,2024-11-21,2024-05-23,,,,2024-12-09,999,802,197
중랑구|중화3,1673,137,중랑구,중화3,중화동303-9,동일로775-11,민간,재촉,도시정비형 재개발,착공,114,2017-11-30,2022-12-22,,,2018-05-29,2018-12-06,2023-12-28,2020-07-24,,2020-08-10,2021-04-30,2025-12-08,176,158,18
중랑구|망우1(염광아파트),1677,138,중랑구,망우1(염광아파트),망우본동178-1,망우로81길27,공공,일반,공동주택재건축,조합설립,367,2011-07-28,2025-03-20,2003-12-30,2012-05-29,,,,,,,,,581,539,42
중랑구|면목10구역,2587,139,중랑구,면목10구역,면목5동174-1,겸재로92,민간,일반,주택정비형 재개발,추진위,702,,,2026-04-20,,,,,,,,,,959,792,167
중랑구|면목7구역,2077,140,중랑구,면목7구역,면목본동69-14,상봉로5길25,민간,일반,주택정비형 재개발,조합설립,1543,2024-01-11,2026-03-26,2024-04-12,2024-09-11,,,,,,,,,1510,1217,293
중랑구|면목8구역,2456,141,중랑구,면목8구역,면목5동172-1,동일로607,민간,일반,주택정비형 재개발,추진위,946,2026-01-15,,2025-12-05,,,,,,,,,,1260,1003,257
중랑구|면목9구역,2116,142,중랑구,면목9구역,면목7동527,용마산로60가길8-17,공공,일반,주택정비형 재개발,조합설립,795,2025-12-26,,,2026-01-08,,,,,,,,,1057,792,265
중랑구|상봉10,2455,143,중랑구,상봉10,상봉동50-1,망우로55길39,민간,재촉,도시정비형 재개발,추진위,127,2023-06-15,2023-06-15,2024-01-05,,,,,,,,,,498,382,116
중랑구|상봉13구역,2349,144,중랑구,상봉13구역,망우본동461-12,봉우재로229,민간,일반,주택정비형 재개발,추진위,934,2025-03-27,,2025-10-28,,,,,,,,,,1249,979,270
중랑구|중화5구역,2107,145,중랑구,중화5구역,중화1동122,봉화산로30길14,공공,일반,주택정비형 재개발,조합설립,1260,2023-12-14,,,2024-01-18,,,,,,,,,1610,1196,414
중랑구|중화6구역,2582,146,중랑구,중화6구역,중화2동309-39,봉화산로3길40-10,민간,일반,주택정비형 재개발,구역지정,1060,2026-04-23,,,,,,,,,,,,1280,1037,243
중랑구|중화동우성타운,2218,147,중랑구,중화동우성타운,중화동195-2,동일로754,민간,일반,공동주택재건축,건축심의,96,2023-03-16,2026-06-04,,2023-05-11,2025-12-18,,,,,,,,219,213,6
성북구|길음5,1258,148,성북구,길음5,정릉동175,성북구정릉로29길18일대,민간,재촉,주택정비형 재개발,건축심의,466,2010-04-08,2023-04-20,2010-06-14,2019-08-19,2025-09-04,,,,,,,,754,615,139
성북구|신월곡1,1272,149,성북구,신월곡1,하월곡동88-142,동소문로42가길18일대,민간,재촉,도시정비형 재개발,관리처분,733,2009-01-02,2024-12-19,2006-04-07,2009-08-31,2017-08-01,2020-08-20,,2022-11-29,2025-07-02,2023-10-16,2026-03-13,,2200,2003,197
성북구|신길음1,1270,150,성북구,신길음1,길음동31-1,성북구도봉로31일대,민간,재촉,도시정비형 재개발,건축심의,157,2010-04-15,2024-11-14,2008-01-30,2012-11-01,2023-05-30,,,,,,,,405,295,110
성북구|신길음,1271,151,성북구,신길음,길음동524-87,동소문로41길4일대,민간,재촉,도시정비형 재개발,사업시행,414,2007-06-09,2022-01-13,2006-03-31,,2023-12-12,2012-11-19,2025-05-29,,,,,,878,670,208
성북구|장위14,1275,152,성북구,장위14,장위동233-552,장위로20길29-9일대,민간,재촉,주택정비형 재개발,건축심의,2777,2008-04-03,2024-07-25,2008-05-30,2010-05-26,2023-11-28,,,,,,,,2846,2307,539
성북구|장위15,1276,153,성북구,장위15,장위동233-42,장위로11길11일대,민간,재촉,주택정비형 재개발,건축심의,2832,2008-04-03,2024-09-19,2010-07-09,2022-03-28,2026-05-21,,,,,,,,3317,2560,757
성북구|장위10,1274,154,성북구,장위10,장위동68-37,장위로38길19-23일대,민간,재촉,주택정비형 재개발,착공,1349,2008-04-03,2024-02-29,2008-04-23,2009-07-27,2024-07-02,2013-07-01,2025-06-26,2017-07-27,2023-07-06,2018-05-24,2021-12-01,2025-12-31,1931,1590,341
성북구|장위3,1278,155,성북구,장위3,장위동305,한천로101가길5일대,민간,재촉,주택정비형 재개발,추진위,931,2008-04-03,2008-04-03,2004-09-10,,,,,,,,,,1078,894,184
성북구|장위6,1281,156,성북구,장위6,장위동25-55,한천로86가길34일대,민간,재촉,주택정비형 재개발,착공,1556,2008-04-03,2023-03-02,2006-08-08,2010-06-24,2014-03-11,2015-05-01,2023-08-11,2020-07-08,2024-05-03,2020-10-19,2021-12-30,2024-03-20,1637,1352,285
성북구|정릉골,1283,157,성북구,정릉골,정릉동757,솔샘로15가길50-4일대,민간,일반,주택정비형 재개발,관리처분,1237,2012-08-02,2012-08-02,2014-06-24,2017-06-02,2020-03-24,2021-12-29,2021-12-29,2024-01-25,,2024-08-13,,,1411,1411,0
성북구|삼선5,1267,158,성북구,삼선5,삼선동2가296,삼선교로14길90-1일대,민간,일반,주택정비형 재개발,착공,1350,2009-06-04,2021-10-14,2005-06-04,2010-07-19,2013-07-23,2016-07-14,2024-08-30,2018-08-30,2021-05-14,2019-12-01,2021-10-31,2023-08-01,1223,1015,208
성북구|동소문2,1264,159,성북구,동소문2,동소문동2가33,동소문로6길4-21일대,민간,일반,주택정비형 재개발,건축심의,386,2002-04-23,2011-11-10,2006-03-22,2008-03-17,2026-02-05,,,,,,,,615,453,162
성북구|동선2,1263,160,성북구,동선2,동선동4가304-2,동소문로29길11일대,민간,일반,주택정비형 재개발,착공,235,2011-03-03,2021-03-18,2006-01-13,2012-05-16,2013-06-12,2014-02-28,2021-04-01,2019-06-17,2025-04-30,2022-08-18,2023-06-28,2026-05-18,334,277,57
성북구|돈암6,1262,161,성북구,돈암6,돈암동48-29,동소문로35가길43일대,민간,일반,주택정비형 재개발,사업시행,785,2011-11-24,2022-10-06,2014-02-26,2019-09-27,2021-05-11,2025-07-31,,,,,,,900,735,165
성북구|성북2,1269,162,성북구,성북2,성북동226-103,성북로23길132-3일대,민간,재촉,주택정비형 재개발,사업시행,509,2011-08-18,2026-02-26,2004-09-13,2014-05-09,2022-09-28,2024-09-05,,,,,,,474,474,0
성북구|석관4,2061,163,성북구,석관4,석관동62-1,한천로69길27,민간,일반,주택정비형 재개발,구역지정,1298,2025-04-10,,,,,,,,,,,,1530,1277,253
성북구|성북1,2038,164,성북구,성북1,성북동179-68,성북로8길26-9,공공,일반,주택정비형 재개발,조합설립,1397,2024-10-04,,2004-07-31,2024-10-31,,,,,,,,,2086,1668,418
성북구|안암1,2486,165,성북구,안암1,안암동3가136-1,안암로9나길14일대,민간,일반,단독주택재건축,조합설립,434,2024-03-28,2024-03-28,,1998-06-15,,,,,,,,,427,427,0
성북구|장위8,2041,166,성북구,장위8,장위동85,장위로49길18,공공,재촉,주택정비형 재개발,조합설립,1198,2023-12-28,2023-12-28,,2024-01-10,,,,,,,,,2846,2062,784
성북구|장위9,2042,167,성북구,장위9,장위동238-83,장위로33길24-4,공공,재촉,주택정비형 재개발,조합설립,1063,2023-12-28,2023-12-28,,2024-01-10,,,,,,,,,2230,1467,763
성북구|종암8,2326,168,성북구,종암8,종암동3-10번지일대,월곡로6길5-10,민간,일반,주택정비형 재개발,추진위,397,2025-05-29,,2025-12-10,,,,,,,,,,694,592,102
성북구|종암9,2526,169,성북구,종암9,종암동125-35번지일대,종암로19라길14,민간,일반,주택정비형 재개발,추진위,0,2025-08-21,,2025-11-28,,,,,,,,,,0,0,0
성북구|하월곡1,2078,170,성북구,하월곡1,하월곡동70-1,오패산로17길21-19,민간,일반,주택정비형 재개발,추진위,467,2025-05-01,,2025-11-17,,,,,,,,,,1990,1587,403
강북구|미아2(재촉),1050,171,강북구,미아2(재촉),미아동403,솔샘로60길15,민간,재촉,주택정비형 재개발,조합설립,3563,2010-03-18,2026-01-15,2004-09-06,2016-05-31,,,,,,,,,4003,3293,710
강북구|미아3(재촉),1051,172,강북구,미아3(재촉),미아동439,숭인로7나길33-14,민간,재촉,주택정비형 재개발,관리처분,971,2010-03-18,2025-12-26,2010-05-19,2015-01-13,2019-06-11,2021-07-23,2023-01-26,2024-06-03,,2024-11-19,2025-11-27,,1051,893,158
강북구|미아4(재촉),1052,173,강북구,미아4(재촉),미아동1261,삼양로20길40-15,민간,재촉,단독주택재건축,관리처분,528,2010-03-18,2025-02-20,2006-04-27,2016-02-12,2019-09-10,2021-03-12,2025-09-29,2023-11-30,,2024-05-27,2026-01-30,,493,483,10
강북구|강북5,1054,174,강북구,강북5,미아동61-79,도봉로13가길9-13일대,공공,재촉,도시정비형 재개발,건축심의,120,2014-03-06,2015-06-11,,2021-11-19,2026-05-28,,,,,,,,680,386,294
강동구|천호우성아파트,1040,175,강동구,천호우성아파트,천호동19-1,구천면로366,민간,일반,공동주택재건축,관리처분,479,2020-02-20,2020-02-20,2020-02-20,2021-02-10,2023-08-29,2024-06-04,,2025-09-10,,2026-03-09,2026-06-30,,629,629,0
강북구|미아11,1043,176,강북구,미아11,미아동791-108,삼양로74나길5,민간,일반,주택정비형 재개발,건축심의,849,2010-12-30,2025-09-05,2006-07-12,2022-05-16,2023-06-30,,,,,,,,663,554,109
강북구|미아4-1,1045,177,강북구,미아4-1,미아동8-373,월계로21길49,민간,일반,단독주택재건축,조합설립,576,2009-08-06,2024-12-05,2006-04-27,2020-04-20,,,,,,,,,1015,937,78
강북구|미아9-2,1044,178,강북구,미아9-2,미아동137-72,도봉로22길9,민간,일반,단독주택재건축,사업시행,1793,2009-07-30,2023-06-02,2006-04-27,2020-04-06,2021-09-14,2023-08-30,,,,,,,1758,1758,0
강북구|번동441-3번지일대,2165,179,강북구,번동441-3번지일대,번동441-3,도봉로78길75,민간,일반,주택정비형 재개발,추진위,547,2025-08-28,,2026-01-27,,,,,,,,,,903,728,175
강북구|번동148번지일대,2149,180,강북구,번동148번지일대,번동148,강북구오현로25길22,민간,일반,주택정비형 재개발,추진위,2643,2026-05-28,,2025-12-16,,,,,,,,,,3320,2874,446
도봉구|방학3구역,2302,181,도봉구,방학3구역,방학동685일대,방학로2가길25,민간,일반,주택정비형 재개발,조합설립,384,2025-05-22,,,2026-06-15,,,,,,,,,1650,1351,299
도봉구|방학신동아1단지아파트,2257,182,도봉구,방학신동아1단지아파트,방학동272,방학로193,민간,일반,공동주택재건축,구역지정,3169,2025-10-02,,,,,,,,,,,,4099,3819,280
도봉구|삼환도봉아파트,1105,183,도봉구,삼환도봉아파트,도봉동87,도봉로180길6-119,민간,일반,공동주택재건축,조합설립,680,2025-08-14,,,2026-02-12,,,,,,,,,993,838,155
도봉구|쌍문3,2304,184,도봉구,쌍문3,쌍문동724,노해로38길15,민간,일반,주택정비형 재개발,조합설립,194,2024-02-22,,,2025-09-26,,,,,,,,,320,253,67
도봉구|쌍문한양1차아파트,2260,185,도봉구,쌍문한양1차아파트,쌍문동388-33,우이천로304,민간,일반,공동주택재건축,조합설립,873,2025-04-17,,2025-06-25,2025-12-30,,,,,,,,,1158,1084,74
도봉구|창동상아1차아파트,2259,186,도봉구,창동상아1차아파트,창동299,해등로118,민간,일반,공동주택재건축,조합설립,720,2025-04-17,,,2025-10-30,,,,,,,,,962,832,130
송파구|가락삼익맨숀,1335,187,송파구,가락삼익맨숀,송파동166,오금로32길5,민간,일반,공동주택재건축,관리처분,936,2017-09-21,2025-12-04,2018-05-04,2019-08-05,2022-09-27,2023-11-13,,2025-10-15,,2026-04-22,2026-09-30,,1531,1358,173
노원구|상계1,1095,188,노원구,상계1,상계동5-16,덕릉로131길60,민간,재촉,주택정비형 재개발,관리처분,1354,2008-09-11,2019-06-27,2008-12-29,2013-08-23,2020-01-06,2020-10-19,2021-03-09,2025-12-23,,,,,1388,1094,294
노원구|상계5,1098,189,노원구,상계5,상계동109-43,덕릉로115나길25,민간,재촉,주택정비형 재개발,건축심의,1174,2008-09-11,2023-07-13,2008-11-18,2009-06-23,2025-12-18,,,,,,,,2042,1693,349
노원구|월계동(재해관리구역),1101,190,노원구,월계동(재해관리구역),월계동487-17,"석계로9길21,2층",민간,일반,단독주택재건축,착공,420,2006-03-16,2022-02-10,2006-04-04,2006-06-12,2019-12-03,2006-09-11,2023-05-11,2007-08-08,2021-07-08,2022-04-11,2022-11-02,2026-02-25,355,316,39
강서구|방화3,1061,191,강서구,방화3,방화동615-103,개화동로25길39,민간,재촉,단독주택재건축,관리처분,1413,2012-07-26,2025-07-24,2014-05-29,2019-08-08,2023-06-13,2024-08-07,,2026-05-20,,,,,1476,1420,56
노원구|상계주공5단지,1103,192,노원구,상계주공5단지,상계동721,동일로216길47,민간,일반,공동주택재건축,사업시행,840,2021-03-25,2024-08-29,,2021-05-13,2023-08-29,2024-08-29,2025-12-01,,,,,,996,941,55
노원구|상계3,2106,193,노원구,상계3,상계동71-183,덕릉로126라길8,공공,재촉,주택정비형 재개발,조합설립,2192,2024-10-24,2024-10-24,,2025-10-30,,,,,,,,,2550,2001,549
노원구|상계5동일대,2082,194,노원구,상계5동일대,상계동154-3,,민간,일반,주택정비형 재개발,구역지정,4150,2025-04-17,2025-04-17,,,,,,,,,,,4591,3727,864
노원구|중계본동(백사마을),1783,195,노원구,중계본동(백사마을),중계본동30-3,중계로2길2,민간,일반,주택정비형 재개발,관리처분,557,2009-05-28,2019-10-10,,2017-07-06,2020-04-14,2021-03-04,,2024-03-18,,2024-04-11,2025-12-04,,2437,1953,484
동작구|노량진3,1145,196,동작구,노량진3,노량진동232-19,장승배기로24길6,민간,재촉,주택정비형 재개발,관리처분,1038,2009-12-10,,2004-12-10,2017-12-29,2018-11-13,2021-02-26,2025-06-24,2026-02-25,,,,,1012,838,174
은평구|불광5,1424,197,은평구,불광5,불광동238,불광로9길,민간,일반,주택정비형 재개발,관리처분,1861,2008-12-18,2020-03-26,2005-02-05,2010-11-19,2019-12-24,2021-09-23,2021-09-23,2024-11-28,,2025-09-05,2026-07-31,,2387,2013,374
은평구|갈현1,1425,198,은평구,갈현1,갈현동300,갈현로41가길36(갈현동),민간,일반,주택정비형 재개발,착공,3328,2011-09-29,2019-11-14,2005-02-04,2015-10-30,2017-09-19,2019-01-31,2020-09-10,2022-05-06,,2022-08-18,2025-03-20,2025-11-28,4116,3496,620
구로구|길훈아파트,1088,199,구로구,길훈아파트,개봉동312-38,개봉로3가길88-41(개봉동),민간,일반,공동주택재건축,착공,205,2011-06-30,2011-06-30,2009-11-24,2010-06-21,2015-06-18,2016-05-13,2016-05-13,2017-12-28,2024-10-31,2020-06-29,2021-01-15,2022-12-09,295,295,0
은평구|수색8,1430,200,은평구,수색8,수색동16-2,,민간,재촉,주택정비형 재개발,관리처분,547,2008-05-22,2025-05-08,2008-08-29,2009-05-27,2018-04-01,2018-07-20,2021-07-29,2023-01-26,2023-01-26,2023-10-20,2024-09-28,,620,530,90
은평구|증산5,1434,201,은평구,증산5,증산동195,,민간,재촉,주택정비형 재개발,관리처분,1559,2010-12-09,2024-04-04,2011-10-07,2012-03-20,2013-02-01,2013-06-13,2023-01-12,2023-09-11,,2024-06-01,2026-01-15,,1775,1472,303
은평구|갈현2,2060,202,은평구,갈현2,갈현동12-248,갈현로47가길16,민간,일반,주택정비형 재개발,구역지정,0,2026-01-29,,,,,,,,,,,,539,539,0
은평구|독바위역세권,2505,203,은평구,독바위역세권,불광동227-7,불광로13가길12,민간,일반,도시정비형 재개발,사업시행,723,2019-07-25,2023-09-14,,,2024-12-23,2026-04-22,,,,,,,1481,1069,412
은평구|불광8,2083,204,은평구,불광8,불광동600,불광로2길6-2,민간,일반,주택정비형 재개발,조합설립,216,2024-10-17,2024-10-17,,2026-05-21,,,,,,,,,321,260,61
은평구|수색1,2559,205,은평구,수색1,수색동366-11,,민간,재촉,도시정비형 재개발,조합설립,51,2008-05-22,2008-05-22,2008-09-04,2010-07-01,,,,,,,,,0,0,0
은평구|수색12,2564,206,은평구,수색12,수색동369-3,,민간,재촉,도시정비형 재개발,구역지정,31,2008-05-22,2008-05-22,,,,,,,,,,,0,0,0
은평구|수색3,2561,207,은평구,수색3,수색동106-1,,민간,재촉,도시정비형 재개발,구역지정,5,2008-05-22,2008-05-22,,,,,,,,,,,0,0,0
은평구|수색5,2562,208,은평구,수색5,수색동102-20,,민간,재촉,도시정비형 재개발,구역지정,2,2008-05-22,2008-05-22,,,,,,,,,,,0,0,0
은평구|신사동200번지일대,2338,209,은평구,신사동200번지일대,신사동200번지일대,,민간,일반,주택정비형 재개발,구역지정,1148,2025-10-23,,,,,,,,,,,,0,0,0
은평구|신사동237번지일대,2336,210,은평구,신사동237번지일대,신사동237번지일대,,민간,일반,주택정비형 재개발,조합설립,1191,2025-10-23,,,2025-12-18,,,,,,,,,0,0,0
은평구|역촌역세권(대조동),2677,211,은평구,역촌역세권(대조동),대조동59-1,진흥로11길8-23,민간,일반,도시정비형 재개발,조합설립,585,2024-07-25,2024-07-25,2025-03-24,2025-11-17,,,,,,,,,1302,725,577
은평구|연신내,2185,212,은평구,연신내,불광동305-3일대,통일로834,민간,일반,도시정비형 재개발,착공,25,2011-04-29,2021-04-08,,,2021-07-27,2022-04-07,2023-01-19,2023-04-17,,2021-06-01,2023-04-20,2023-05-04,77,0,77
은평구|응암동101번지일대,2117,213,은평구,응암동101번지일대,응암동101,은평로10길20,공공,일반,주택정비형 재개발,조합설립,193,2026-03-26,,,2026-05-21,,,,,,,,,900,900,0
은평구|응암동700번지일대,2801,214,은평구,응암동700번지일대,응암동700번지일대,,민간,일반,주택정비형 재개발,조합설립,885,2025-08-14,,2025-12-24,2026-06-25,,,,,,,,,1456,1166,290
은평구|응암동755번지,2802,215,은평구,응암동755번지,응암동755번지일대,,민간,일반,주택정비형 재개발,구역지정,996,2025-08-14,,,,,,,,,,,,1486,1159,327
서대문구|마포로4-1,1177,216,서대문구,마포로4-1,북아현동876,신촌로37길56,민간,일반,도시정비형 재개발,건축심의,22,1979-09-21,2025-08-07,,,2025-04-24,,,,,,,,105,89,16
서대문구|신촌서대문2-2,1202,217,서대문구,신촌서대문2-2,창천동18-42,신촌로105-5,민간,일반,도시정비형 재개발,착공,0,2014-08-21,2014-08-21,,,2021-08-21,2022-08-18,2025-09-10,2025-10-01,,,,2025-11-04,196,156,40
서대문구|마포로5-2,1191,218,서대문구,마포로5-2,충정로3가250-70,충정로30,민간,일반,도시정비형 재개발,조합설립,78,1979-09-21,2023-11-02,2008-04-30,2024-07-31,,,,,,,,,192,192,0
서대문구|가재울7,1168,219,서대문구,가재울7,북가좌동80,거북골로14길91,민간,재촉,주택정비형 재개발,사업시행,1352,2012-06-07,2004-12-27,2007-05-02,2022-08-09,2025-12-18,2026-05-29,,,,,,,1426,1231,195
서대문구|가재울9,1205,220,서대문구,가재울9,남가좌동295-5,수색로42일대,민간,재촉,도시정비형 재개발,조합설립,118,2021-05-06,2021-05-06,,2021-05-12,,,,,,2025-10-18,2026-12-31,,239,166,73
동작구|노량진1,1143,221,동작구,노량진1,노량진동278-2,노량진로10가길30-9,민간,재촉,주택정비형 재개발,관리처분,3897,2009-12-10,2025-05-08,2011-07-29,2017-11-10,2021-06-08,2023-03-07,2023-03-07,2026-04-21,,,,,2992,2461,531
서대문구|북아현3,1161,222,서대문구,북아현3,북아현동3-66,북아현동3-66일대,민간,재촉,주택정비형 재개발,사업시행,3530,2008-02-05,2008-02-05,2008-03-17,2008-09-26,2023-07-11,2011-09-01,,,,,,,4739,3927,812
서대문구|홍제2,1204,223,서대문구,홍제2,홍제동326-5,통일로479일대,민간,재촉,도시정비형 재개발,조합설립,83,2005-12-30,2014-12-18,2006-12-01,2015-05-14,,,,,,,,,124,106,18
서초구|반포주공1단지(3주구),1302,224,서초구,반포주공1단지(3주구),반포동1109,서초구신반포로32,민간,일반,아파트지구재건축,착공,1490,2016-09-13,2016-09-13,2003-09-01,2014-12-11,2017-06-27,2017-09-25,2025-01-09,2021-07-14,2024-03-27,2021-09-01,2022-05-31,2023-03-03,2091,2091,0
서대문구|북가좌6,1216,225,서대문구,북가좌6,북가좌동372-1,수색로8길37,민간,일반,단독주택재건축,건축심의,1611,2014-05-29,2024-06-20,2006-11-14,2020-02-13,2025-11-13,,,,,,,,1953,1724,229
서대문구|연희1,1170,226,서대문구,연희1,연희동533-5,,민간,일반,주택정비형 재개발,착공,722,2007-06-21,2025-02-05,2004-09-06,2008-03-25,2024-10-31,2010-12-28,2026-06-30,2019-05-17,2025-11-19,2020-07-23,2024-04-22,2025-10-24,959,817,142
서대문구|홍은5,1213,227,서대문구,홍은5,홍은동277-45,모래내로347-10,민간,일반,단독주택재건축,사업시행,350,2009-05-21,2026-01-21,2008-01-15,2010-06-04,2025-10-24,2026-05-20,,,,,,,604,580,24
서대문구|홍제3,1215,228,서대문구,홍제3,홍제동104-41,통일로32길36,민간,일반,단독주택재건축,관리처분,442,2010-10-14,2026-04-08,2007-07-12,2011-11-13,2022-10-22,2019-02-20,2026-04-29,2022-07-15,,2024-09-25,2025-12-28,,620,566,54
서대문구|북아현4,2777,229,서대문구,북아현4,북아현동227-10,북아현동227-10일대,민간,재촉,도시정비형 재개발,구역지정,145,2025-07-31,,,,,,,,,,,,359,227,132
서대문구|연희2,2097,230,서대문구,연희2,연희동721-6,홍연8길7,공공,일반,주택정비형 재개발,조합설립,789,2023-12-14,2023-12-14,,2024-03-13,,,,,,,,,1067,844,223
서대문구|충정로1,2098,231,서대문구,충정로1,충정로3가281-11,충정로4길5-18,공공,일반,주택정비형 재개발,조합설립,80,2024-12-19,2024-12-19,,2025-03-26,,,,,,,,,297,196,101
서대문구|충현2구역,2179,232,서대문구,충현2구역,냉천동171-1,통일로139-1,민간,일반,도시정비형 재개발,건축심의,11,2024-08-16,2024-08-16,,,2025-12-29,,,,,,,,0,0,0
서대문구|홍은1(재촉),2096,233,서대문구,홍은1(재촉),홍은동48-163,세검정로1길11,공공,재촉,도시정비형 재개발,조합설립,157,2023-12-07,2023-12-07,,2024-01-31,,,,,,,,,329,219,110
서대문구|홍은15,2084,234,서대문구,홍은15,홍은동8-400,포방터2가길20-4,민간,일반,주택정비형 재개발,조합설립,1360,2025-04-17,2025-04-17,,2026-03-20,,,,,,,,,1834,1533,301
서대문구|홍제3(재촉),2363,235,서대문구,홍제3(재촉),홍제동306-2,통일로445,민간,재촉,도시정비형 재개발,추진위,0,,,2006-09-22,,,,,,,,,,0,0,0
서대문구|홍제4,2439,236,서대문구,홍제4,홍제동267-1,세무서10길27-1,민간,일반,주택정비형 재개발,추진위,0,2025-12-26,2025-12-26,2025-12-19,,,,,,,,,,0,0,0
서대문구|홍제역역세권활성화사업,2825,237,서대문구,홍제역역세권활성화사업,홍제동298-9,인왕시장길16,공공,일반,도시정비형 재개발,건축심의,363,2025-07-03,,,2025-09-03,2026-04-16,,,,,,,,1010,882,128
마포구|신촌지역(마포)4-10,1887,238,마포구,신촌지역(마포)4-10,노고산동109-62,백범로4길14,민간,일반,도시정비형 재개발,관리처분,178,2014-08-28,2024-07-04,,,2024-03-04,2024-09-12,,2025-03-27,,2025-11-01,2026-06-01,,295,246,49
마포구|신촌지역(마포)4-12,1888,239,마포구,신촌지역(마포)4-12,노고산동106-46,서강로20길24,민간,일반,도시정비형 재개발,관리처분,7,2014-08-28,2023-10-19,,,2024-02-13,2025-02-13,,2025-09-25,,2026-07-01,2027-07-01,,218,161,57
마포구|신촌지역(마포)4-1,1884,240,마포구,신촌지역(마포)4-1,노고산동107-2,서강로144,민간,일반,도시정비형 재개발,관리처분,0,2014-08-28,2023-10-19,,,2023-12-12,2025-02-13,,2025-12-11,,,,,133,107,26
마포구|신촌지역(마포)3-3,1882,241,마포구,신촌지역(마포)3-3,노고산동31-77,백범로1길8,민간,일반,도시정비형 재개발,관리처분,29,2014-08-28,2020-12-17,,,2021-10-12,2022-02-17,,2022-09-01,,2019-07-17,2022-10-31,,288,237,51
마포구|신촌지역(마포)4-5,1885,242,마포구,신촌지역(마포)4-5,노고산동109-125,,민간,일반,도시정비형 재개발,구역지정,0,2014-08-28,2014-08-28,,,,,,,,,,,40,22,18
마포구|신촌지역(마포)2-7,1881,243,마포구,신촌지역(마포)2-7,노고산동57-20,신촌로18길9,민간,일반,도시정비형 재개발,관리처분,1,2014-08-28,2022-09-08,,,2023-04-11,2023-11-23,2023-11-23,2024-09-05,2024-09-05,2026-07-01,2027-07-01,,189,140,49
마포구|신촌지역(마포)4-9,1886,244,마포구,신촌지역(마포)4-9,노고산동106-9,백범로2길15,민간,일반,도시정비형 재개발,관리처분,13,2014-08-28,2022-10-20,,,2023-04-25,2024-01-25,2025-05-15,2025-11-13,,,,,286,210,76
마포구|공덕1,1153,245,마포구,공덕1,공덕동105-84,마포대로16길20,민간,일반,단독주택재건축,착공,701,2011-06-30,2020-10-22,2006-08-07,2014-03-28,2015-11-10,2017-02-23,2025-03-11,2018-04-19,2023-07-31,2018-04-19,2021-12-20,2023-10-23,1101,1051,50
마포구|성산시영아파트,1955,246,마포구,성산시영아파트,성산동446,월드컵북로235,민간,일반,공동주택재건축,조합설립,3710,2023-12-28,2023-12-28,2025-03-14,2025-12-22,,,,,,,,,4823,4307,516
마포구|마포로1-10,1873,247,마포구,마포로1-10,도화동536,토정로37길46,민간,일반,도시정비형 재개발,사업시행,90,1979-09-21,2022-03-03,2019-10-22,2020-06-04,2023-01-16,2025-04-05,,,,,,,231,185,46
마포구|마포로3-1,1878,248,마포구,마포로3-1,아현동617-1,마포대로193,민간,일반,도시정비형 재개발,착공,4,1979-09-21,2024-04-18,,,2021-08-24,2021-12-23,2024-05-20,2023-01-19,,2020-08-15,2021-05-28,2024-09-06,198,163,35
마포구|마포로1-34,1875,249,마포구,마포로1-34,도화동169-1,마포대로58,민간,일반,도시정비형 재개발,건축심의,0,1979-09-21,2022-06-16,,,2023-01-16,,,,,,,,44,0,44
마포구|마포로3-3,1879,250,마포구,마포로3-3,아현동613-10,마포대로19길8,민간,일반,도시정비형 재개발,착공,117,1979-09-21,2024-07-04,,,2008-09-18,2009-03-12,2020-06-25,2020-08-27,,2021-01-25,,2023-11-21,239,239,0
마포구|마포로1-58-2,1877,251,마포구,마포로1-58-2,도화동16-1,독막로319,민간,일반,도시정비형 재개발,착공,0,2004-05-15,2024-12-05,,,2021-12-09,2022-06-09,2025-08-28,2022-11-10,2025-12-18,,,2026-02-13,178,178,0
마포구|공덕6,2011,252,마포구,공덕6,공덕동119,마포대로14길일대,민간,일반,주택정비형 재개발,사업시행,85,2010-03-04,2019-01-03,2004-07-20,2021-03-16,2022-07-22,2024-06-20,,,,,,,166,155,11
마포구|공덕7,2538,253,마포구,공덕7,공덕동115-97,만리재옛6길11-1일대,민간,일반,주택정비형 재개발,조합설립,453,2024-05-30,2024-05-30,,2026-01-30,,,,,,,,,703,597,106
마포구|공덕8,2111,254,마포구,공덕8,공덕동11-24,만리재로12나길20,민간,일반,주택정비형 재개발,추진위,973,2024-12-05,2024-12-05,2026-01-16,,,,,,,,,,1564,1258,306
마포구|아현1,2022,255,마포구,아현1,아현동699,손기정로3,공공,일반,주택정비형 재개발,구역지정,2033,2026-05-28,,,,,,,,,,,,3476,2780,696
마포구|염리동 488-14번지 일대,2015,256,마포구,염리동 488-14번지 일대,염리동488-14,숭문16나길11일대,민간,일반,주택정비형 재개발,추진위,766,2025-12-18,,2026-01-16,,,,,,,,,,1120,862,258
마포구|합정7,2134,257,마포구,합정7,합정동381-49일대,양화로28-10,민간,재촉,도시정비형 재개발,착공,63,2022-11-17,2022-11-17,,,2023-02-28,2023-08-10,2024-07-11,2023-12-07,2025-08-14,2021-09-01,2023-12-31,2024-12-30,198,165,33
양천구|신정1-3,1417,258,양천구,신정1-3,양천구신정동606,양천구신월로216,민간,재촉,주택정비형 재개발,사업시행,176,2005-11-24,2011-07-07,2005-09-28,2007-03-26,2008-08-20,2009-03-18,2019-12-27,,,,,,211,175,36
양천구|신정3-1,1421,259,양천구,신정3-1,양천구신정동1190,양천구중앙로45길8-32,민간,재촉,도시정비형 재개발,추진위,222,2010-08-05,2010-08-05,2010-12-02,,,,,,,,,,155,148,7
양천구|신정3-2,1422,260,양천구,신정3-2,양천구신정동1182,양천구중앙로43길23,민간,재촉,도시정비형 재개발,추진위,163,2010-08-05,2010-08-05,2012-08-30,,,,,,,,,,155,146,9
송파구|가락미륭,1344,261,송파구,가락미륭,가락동138,동남로11길4,민간,일반,공동주택재건축,관리처분,435,2020-02-06,2024-09-19,2020-08-07,2021-04-14,2023-07-21,2024-06-27,2024-10-17,2025-12-01,,,,,614,521,93
양천구|목2동232번지일대,2332,262,양천구,목2동232번지일대,목2동232번지일대,양천구목동중앙본로18가길16,민간,일반,주택정비형 재개발,추진위,302,2025-09-25,,2026-02-05,,,,,,,,,,586,498,88
양천구|목2동523번지일대역세권,2839,263,양천구,목2동523번지일대역세권,목2동523-45번지일대,목동중앙북로114,공공,일반,도시정비형 재개발,조합설립,291,2026-02-12,2026-02-12,,2026-06-04,,,,,,,,,414,327,87
양천구|목동10단지,2787,264,양천구,목동10단지,양천구신정동311,양천구목동서로400,민간,일반,공동주택재건축,조합설립,2160,2025-07-31,2025-07-31,,2025-10-23,,,,,,,,,4050,3541,509
양천구|목동11단지,2803,265,양천구,목동11단지,양천구신정동325,양천구목동동로10,민간,일반,공동주택재건축,조합설립,1595,2025-11-13,2025-11-13,,2026-01-22,,,,,,,,,2679,2327,352
양천구|목동12단지,2667,266,양천구,목동12단지,양천구신정동326,양천구목동동로50,민간,일반,공동주택재건축,조합설립,1860,2025-03-13,2025-03-13,2025-09-11,2026-02-27,,,,,,,,,2810,2443,367
양천구|목동13단지,2668,267,양천구,목동13단지,양천구신정동327,양천구목동동로100,민간,일반,공동주택재건축,조합설립,2280,2025-03-13,2025-03-13,,2025-10-02,,,,,,,,,3852,3284,568
양천구|목동14단지,2669,268,양천구,목동14단지,양천구신정동331,양천구목동동로130,민간,일반,공동주택재건축,조합설립,3100,2025-03-06,2025-03-06,,2025-10-16,,,,,,,,,5123,4394,729
양천구|목동1단지,2812,269,양천구,목동1단지,양천구목동901,양천구목동서로38,민간,일반,공동주택재건축,조합설립,1882,2025-12-04,2025-12-04,,2026-02-19,,,,,,,,,3500,3087,413
양천구|목동2단지,2813,270,양천구,목동2단지,양천구목동902,양천구목동서로70,민간,일반,공동주택재건축,조합설립,1640,2025-12-04,2025-12-04,,2026-02-19,,,,,,,,,3389,2993,396
양천구|목동3단지,2814,271,양천구,목동3단지,양천구목동903,양천구목동서로100,민간,일반,공동주택재건축,추진위,1588,2025-12-04,2025-12-04,2025-12-11,,,,,,,,,,3317,2919,398
양천구|목동4단지,2790,272,양천구,목동4단지,양천구목동904,양천구목동서로130,민간,일반,공동주택재건축,조합설립,1382,2025-08-07,2025-08-07,2025-11-14,2026-05-21,,,,,,,,,2436,2143,293
양천구|목동5단지,2786,273,양천구,목동5단지,양천구목동912,양천구목동동로350,민간,일반,공동주택재건축,조합설립,1848,2025-09-04,2025-09-04,,2025-12-04,,,,,,,,,3930,3468,462
양천구|목동6단지,2608,274,양천구,목동6단지,양천구목동911,양천구목동동로430,민간,일반,공동주택재건축,건축심의,1362,2024-08-16,2024-08-16,,2025-05-22,2026-05-28,,,,,,,,2173,1900,273
양천구|목동7단지,2722,275,양천구,목동7단지,양천구목동925번지일대,양천구목동로212,민간,일반,공동주택재건축,추진위,2550,2025-09-04,2025-09-04,2026-01-12,,,,,,,,,,4341,3910,431
양천구|목동8단지,2665,276,양천구,목동8단지,양천구신정동314번지일대,양천구목동서로280,민간,일반,공동주택재건축,조합설립,1352,2025-03-13,2025-03-13,2025-09-11,2026-04-03,,,,,,,,,1881,1588,293
양천구|목동9단지,2784,277,양천구,목동9단지,양천구신정동312번지,양천구목동서로340,민간,일반,공동주택재건축,조합설립,2030,2025-07-31,2025-07-31,,2025-10-30,,,,,,,,,3957,3337,620
양천구|수정아파트,1733,278,양천구,수정아파트,신정동733-31,양천구신정로13길35,민간,일반,공동주택재건축,관리처분,220,2020-04-23,2021-12-30,,2021-01-18,2023-02-28,2023-12-18,2023-12-18,2024-12-31,,,,,276,248,28
양천구|신월5동77번지일대,2119,279,양천구,신월5동77번지일대,신월5동77-1일대,양천구화곡로8길15,공공,일반,주택정비형 재개발,조합설립,1284,2026-03-12,,,2026-06-18,,,,,,,,,1241,1040,201
양천구|신월7동1,2086,280,양천구,신월7동1,신월7동913번지일대,양천구지양로96,민간,일반,주택정비형 재개발,조합설립,2085,2025-01-23,,,2025-06-05,,,,,,,,,2681,2296,385
양천구|신월7동2,2103,281,양천구,신월7동2,신월7동941번지일대,양천구지양로7길14,공공,일반,주택정비형 재개발,조합설립,1549,2024-03-28,,,2024-06-25,,,,,,,,,2249,1835,414
양천구|신월시영,2789,282,양천구,신월시영,양천구신월동987-1,양천구신월로99,민간,일반,공동주택재건축,조합설립,2256,2025-08-07,,,2025-11-06,,,,,,,,,3149,2953,196
양천구|신정동1152번지일대,2066,283,양천구,신정동1152번지일대,신정동1152일대,양천구중앙로25길17,민간,일반,주택정비형 재개발,조합설립,411,2023-09-07,2023-09-07,,2024-06-18,,,,,,,,,956,705,251
강서구|방화6,1063,284,강서구,방화6,방화동608-97,방화대로25길13,민간,재촉,단독주택재건축,착공,402,2010-03-25,2022-02-24,2010-09-07,2017-04-03,2017-06-29,2018-11-05,2026-01-07,2021-08-04,2026-01-28,2021-09-27,2021-12-27,2025-09-08,557,537,20
강동구|삼익파크,1038,285,강동구,삼익파크,길동54,명일로293,민간,일반,공동주택재건축,관리처분,1092,2020-02-13,2020-02-13,2020-08-27,2021-01-14,2022-07-26,2025-03-24,,2026-03-11,,,,,1384,1238,146
강서구|방화5,1062,286,강서구,방화5,공항동18,방화대로21길70,민간,재촉,단독주택재건축,관리처분,1822,2017-08-17,2021-07-22,2018-04-26,2019-07-17,2020-12-22,2022-04-20,,2024-09-11,,2024-12-24,2025-06-23,,1657,1596,61
강서구|신안빌라,1059,287,강서구,신안빌라,마곡동327-53,방화대로34길120,민간,일반,공동주택재건축,사업시행,234,2012-08-09,2025-10-10,2023-02-06,2023-07-05,2025-04-24,2026-04-29,,,,,,,365,358,7
성북구|보문5,1266,288,성북구,보문5,보문동1가196-11,고려대로6길16-5일대,민간,일반,주택정비형 재개발,착공,223,2010-06-10,2018-05-17,2005-10-21,2010-08-24,2017-11-07,2018-07-12,2023-09-04,2020-02-06,2023-05-18,2021-11-02,,2023-06-08,199,199,0
강서구|방화2,2088,289,강서구,방화2,방화동589-13,초원로38-14,민간,재촉,주택정비형 재개발,건축심의,495,2024-03-21,2025-11-27,,2024-08-16,2026-03-19,,,,,,,,740,633,107
강서구|염창동우성1·2차·삼천리아파트,2856,290,강서구,염창동우성1·2차·삼천리아파트,염창동66-9,양천로67길77,민간,일반,공동주택재건축,추진위,602,,,2026-02-13,,,,,,,,,,996,763,233
구로구|개봉3,1082,291,구로구,개봉3,고척동311-14,,민간,일반,단독주택재건축,조합설립,438,2010-05-13,2023-12-28,2006-04-27,2019-08-02,,,,,,,,,2177,1880,297
구로구|고척4,1081,292,구로구,고척4,고척동148,,민간,일반,주택정비형 재개발,착공,359,2014-03-13,2023-07-24,,,2018-02-01,2018-12-20,2025-03-17,2021-06-10,2024-08-26,2021-12-01,2023-01-30,2025-05-01,983,835,148
"구로구|대흥,성원,동진빌라",1084,293,구로구,"대흥,성원,동진빌라",온수동45-32,경인로5(온수동),민간,일반,공동주택재건축,사업시행,741,2014-06-01,2025-01-23,2008-09-10,2016-02-17,2017-08-29,2018-11-15,2018-11-15,,,,,,1455,1373,82
구로구|오류동현대연립,1085,294,구로구,오류동현대연립,오류동156-15,오류로62-15(오류동),민간,일반,공동주택재건축,관리처분,240,2015-07-30,2019-11-28,2016-05-25,2018-04-11,2020-06-17,2021-05-06,2024-09-12,2023-07-26,,2024-07-01,2024-11-30,,447,408,39
구로구|보광아파트,1086,295,구로구,보광아파트,구로동440,가마산로231(구로동),민간,일반,공동주택재건축,관리처분,340,2016-03-31,2024-06-13,2017-05-02,2020-04-28,2021-08-31,2023-03-10,2025-03-13,2026-06-11,,,,,675,675,0
구로구|고척동산업인아파트,1087,296,구로구,고척동산업인아파트,고척동57-9,경인로47다길43(고척동),민간,일반,공동주택재건축,사업시행,342,2016-11-10,2022-02-22,2018-11-20,2021-05-12,2023-05-30,2024-06-05,2024-06-13,,,,,,367,367,0
서초구|방배5,1284,297,서초구,방배5,방배동946-8,서초구서초대로8길27-5,민간,일반,단독주택재건축,착공,2551,2010-09-02,2024-03-21,2004-12-16,2012-05-10,2012-12-26,2013-07-29,2026-01-08,2016-07-14,2024-07-25,2018-06-18,2020-11-30,2022-07-28,3064,2798,266
구로구|가리봉1구역,2320,298,구로구,가리봉1구역,가리봉동115번지일대,우마2가길28,민간,일반,주택정비형 재개발,조합설립,1369,2025-04-17,,2025-10-01,2026-05-20,,,,,,,,,2259,1650,609
구로구|가리봉2구역,2089,299,구로구,가리봉2구역,가리봉87-177,구로동로5길23-21,민간,일반,주택정비형 재개발,조합설립,610,2025-03-13,,2025-10-01,2026-05-28,,,,,,,,,1214,931,283
구로구|고척동253번지일대,2321,300,구로구,고척동253번지일대,고척동253번지일대,고척로41가길21,민간,일반,주택정비형 재개발,추진위,1738,2025-04-24,,2025-11-06,,,,,,,,,,1469,1243,226
구로구|구로우성아파트,2664,301,구로구,구로우성아파트,구로동23,공원로6가길67,민간,일반,공동주택재건축,구역지정,344,2025-03-26,2025-03-26,,,,,,,,,,,522,453,69
구로구|남구로역세권공공임대주택도시정비형재개발정비구역,2525,302,구로구,남구로역세권공공임대주택도시정비형재개발정비구역,구로동715-24번지일대,구로동로11길10일대,민간,일반,도시정비형 재개발,사업시행,153,2020-02-27,,,,2022-12-22,2024-02-16,2024-08-28,,,,,,299,214,85
구로구|서울가든빌라,2198,303,구로구,서울가든빌라,오류동97-4,,민간,일반,공동주택재건축,구역지정,339,2024-03-07,2024-03-07,,,,,,,,,,,653,582,71
구로구|신도림동293번지일대,1089,304,구로구,신도림동293번지일대,신도림동293,구로중앙로42길,민간,일반,도시정비형 재개발,구역지정,1384,2012-10-25,2012-10-25,,,,,,,,,,,2722,2219,503
구로구|우신빌라,2345,305,구로구,우신빌라,궁동213-21,,민간,일반,공동주택재건축,구역지정,762,2023-12-28,2023-12-28,,,,,,,,,,,1127,1063,64
구로구|한효아파트,2516,306,구로구,한효아파트,고척동52-332,,민간,일반,공동주택재건축,구역지정,290,2023-01-05,2024-12-19,,,,,,,,,,,440,407,33
금천구|시흥무지개아파트,1093,307,금천구,시흥무지개아파트,시흥동109-1,시흥대로73길11,민간,일반,공동주택재건축,사업시행,662,2017-02-16,,,2018-03-15,2020-05-12,2021-06-30,,,,,,,993,865,128
금천구|시흥동현대아파트,1094,308,금천구,시흥동현대아파트,시흥동220-2,탑골로3길50,민간,일반,공동주택재건축,착공,140,2019-12-31,2020-11-02,,2020-05-04,2020-11-25,2022-02-28,2024-07-23,2023-01-06,2024-04-11,2023-04-10,2023-07-22,2024-09-13,219,219,0
금천구|독산1구역재개발구역,2450,309,금천구,독산1구역재개발구역,독산2동1036번지일대,시흥대로106길38일대,민간,일반,주택정비형 재개발,조합설립,0,2026-03-12,,,2026-06-25,,,,,,,,,2078,1720,358
금천구|독산2구역재개발구역,2452,310,금천구,독산2구역재개발구역,독산2동1072번지일대,시흥대로88가길52일대,민간,일반,주택정비형 재개발,추진위,0,2026-03-12,,2025-12-12,,,,,,,,,,2065,1711,354
금천구|독산시흥,2191,311,금천구,독산시흥,시흥1동871번지일대,시흥대로74길20일대,민간,일반,주택정비형 재개발,조합설립,0,2025-01-16,,,2025-08-21,,,,,,,,,2072,1730,342
금천구|시흥1,2031,312,금천구,시흥1,시흥동810,독산로32길일대,민간,일반,주택정비형 재개발,구역지정,0,2024-07-11,,,,,,,,,,,,1170,945,225
영등포구|신길10,1908,313,영등포구,신길10,신길동3590,신길로108,민간,재촉,공동주택재건축,착공,573,2007-11-29,2007-11-29,2004-02-25,2018-01-18,2019-10-08,2021-05-31,2026-06-08,2022-11-10,,2023-03-01,2024-05-30,2026-06-22,812,735,77
영등포구|여의도광장아파트28번지,1821,314,영등포구,여의도광장아파트28번지,여의도동28,여의나루로7,민간,일반,아파트지구재건축,조합설립,576,2006-01-12,,2009-07-27,2019-06-05,,,,,,,,,1314,1095,219
영등포구|여의도광장아파트38-1번지,1820,315,영등포구,여의도광장아파트38-1번지,여의도동38-1,여의나루로12,민간,일반,아파트지구재건축,조합설립,168,2006-01-12,,2023-01-19,2024-08-06,,,,,,,,,414,242,172
영등포구|여의도대교아파트,1818,316,영등포구,여의도대교아파트,여의도동41,국제금융로7길20,민간,일반,아파트지구재건축,관리처분,576,2024-09-26,,2023-02-28,2024-02-06,2025-02-27,2025-08-28,,2026-05-19,,,,,1012,866,146
영등포구|여의도목화아파트,1826,317,영등포구,여의도목화아파트,여의도동30,여의나루로126,민간,일반,아파트지구재건축,조합설립,312,2006-01-12,2026-01-02,2009-03-16,2022-09-29,,,,,,,,,401,325,76
영등포구|여의도미성아파트,1813,318,영등포구,여의도미성아파트,"여의도동37,37-1",의사당대로108,민간,일반,아파트지구재건축,추진위,577,2006-01-12,,2009-09-16,,,,,,,,,,0,0,0
영등포구|여의도삼부아파트,1825,319,영등포구,여의도삼부아파트,"여의도동30-2,3",국제금융로7길27,민간,일반,아파트지구재건축,추진위,866,2006-01-12,,2020-08-04,,,,,,,,,,0,0,0
영등포구|여의도삼익아파트,1819,320,영등포구,여의도삼익아파트,여의도동51,국제금융로109,민간,일반,아파트지구재건축,조합설립,360,,,,2023-11-02,,,,,,,,,648,550,98
영등포구|여의도시범아파트,1822,321,영등포구,여의도시범아파트,여의도동50,63로45,민간,일반,아파트지구재건축,건축심의,1584,2025-02-13,,2008-05-14,2017-07-01,2025-11-13,,,,,,,,2491,2147,344
영등포구|여의도은하아파트,1815,322,영등포구,여의도은하아파트,여의도동52,63로7,민간,일반,아파트지구재건축,조합설립,360,,,,2023-11-30,,,,,,,,,699,594,105
영등포구|여의도장미아파트,1817,323,영등포구,여의도장미아파트,여의도동40,국제금융로7길32,민간,일반,공동주택재건축,조합설립,196,1976-08-21,2006-01-12,,2026-05-21,,,,,,,,,0,0,0
영등포구|여의도한양아파트,1824,324,영등포구,여의도한양아파트,여의도동42,국제금융로79,민간,일반,아파트지구재건축,사업시행,588,2024-03-21,,,2022-08-04,2024-12-23,2025-10-31,,,,,,,992,814,178
영등포구|영등포1-11,1918,325,영등포구,영등포1-11,영등포동5가30,영중로20길2,민간,재촉,도시정비형 재개발,사업시행,540,2005-12-22,2005-12-22,2010-02-17,2020-11-26,2024-04-30,2025-05-14,,,,,,,818,647,171
영등포구|영등포1-12,1920,326,영등포구,영등포1-12,영등포동5가22-3,영중로14길9-3,민간,재촉,도시정비형 재개발,조합설립,296,2005-12-22,2005-12-22,2018-06-14,2019-11-19,,,,,,,,,1182,947,235
영등포구|영등포1-13,1922,327,영등포구,영등포1-13,영등포동5가32-8,영중로22길23,민간,재촉,도시정비형 재개발,착공,588,2005-12-22,2005-12-22,2008-06-13,2010-04-28,2018-06-12,2019-12-30,2023-10-19,2021-07-12,,2021-09-24,2022-11-23,2025-05-13,659,398,261
영등포구|영등포1-2,1911,328,영등포구,영등포1-2,영등포동7가76-5,영중로94,민간,재촉,도시정비형 재개발,사업시행,2,2005-12-22,2005-12-22,2008-02-05,2008-04-08,2021-04-15,2024-06-07,,,,,,,218,149,69
영등포구|문래동국화아파트,1833,329,영등포구,문래동국화아파트,문래동3가76-1,도림로462,민간,일반,공동주택재건축,조합설립,270,2020-12-03,2020-12-03,2022-01-19,2024-11-28,,,,,,,,,354,324,30
영등포구|문래동남성아파트,1829,330,영등포구,문래동남성아파트,문래동2가35,경인로77길19,민간,일반,공동주택재건축,사업시행,390,2013-09-05,2013-09-05,2009-08-26,2017-08-26,2020-10-13,2021-07-23,,,,,,,488,436,52
영등포구|문래동진주아파트,1830,331,영등포구,문래동진주아파트,문래동5가22,선유로9길31,민간,일반,공동주택재건축,착공,160,2015-11-19,2015-11-19,,2017-12-21,2020-09-15,2021-05-20,,2023-08-17,,2024-08-26,2025-01-27,2026-03-03,324,284,40
영등포구|신길동삼성아파트,1832,332,영등포구,신길동삼성아파트,신길동4759,여의대방로45,민간,일반,공동주택재건축,건축심의,384,2015-08-13,2015-08-13,2016-06-11,2018-01-26,2020-09-15,,,,,,,,562,468,94
영등포구|신길동우성2차·우창아파트,1834,333,영등포구,신길동우성2차·우창아파트,신길동4501,여의대방로5길2,민간,일반,공동주택재건축,사업시행,939,2020-07-02,2020-07-02,,2020-09-24,2023-07-25,2024-11-14,,,,,,,1212,1104,108
영등포구|양평13,1867,334,영등포구,양평13,양평동2가33-20,선유서로25길6-5,공공,일반,도시정비형 재개발,사업시행,389,2009-09-24,2023-12-28,2008-08-29,2010-04-12,2025-02-27,2010-12-02,2025-12-18,,,,,,557,353,204
영등포구|양평동신동아아파트,1831,335,영등포구,양평동신동아아파트,양평동1가20,선유서로76,민간,일반,공동주택재건축,건축심의,495,2011-06-30,2011-06-30,2009-04-24,2020-12-08,2026-03-05,,,,,,,,563,507,56
영등포구|여의도공작아파트,1803,336,영등포구,여의도공작아파트,여의도동21-2,여의대로6길17,민간,일반,공동주택재건축,조합설립,373,2022-11-17,2022-11-17,,2023-02-23,,,,,,,,,585,499,86
영등포구|여의도수정아파트,1802,337,영등포구,여의도수정아파트,여의도동32,국제금융로7길1,민간,일반,공동주택재건축,구역지정,329,2025-05-22,,,,,,,,,,,,498,437,61
영등포구|여의도진주아파트,1812,338,영등포구,여의도진주아파트,여의도동54-4,국제금융로108-6,민간,일반,공동주택재건축,추진위,376,2025-04-03,,2025-06-02,,,,,,,,,,578,490,88
영등포구|유원제일1차아파트,1827,339,영등포구,유원제일1차아파트,당산동4가91,국회대로29길13,민간,일반,공동주택재건축,착공,360,2014-07-10,2014-07-10,2009-09-03,2017-11-24,2019-03-12,2019-12-30,2024-01-15,2022-04-13,2025-01-20,2022-09-05,2023-02-28,2024-08-05,550,479,71
영등포구|유원제일2차아파트,1828,340,영등포구,유원제일2차아파트,당산동5가7-2,선유동2로46,민간,일반,공동주택재건축,사업시행,410,2015-07-30,2015-07-30,2016-06-10,2018-08-20,2023-08-26,2025-03-13,,,,,,,703,628,75
영등포구|도림1구역,2122,341,영등포구,도림1구역,도림동26-21,영신로1길28-3,공공,일반,주택정비형 재개발,구역지정,1166,2026-01-08,,,,,,,,,,,,2500,1874,626
영등포구|당산1구역,2091,342,영등포구,당산1구역,당산동6가104,당산로52길23,민간,일반,주택정비형 재개발,추진위,764,2025-04-10,2025-04-10,2025-12-10,,,,,,,,,,737,518,219
영등포구|신길제2구역,1931,343,영등포구,신길제2구역,신길동190,신길로58길1-3,민간,일반,주택정비형 재개발,사업시행,2790,2009-08-20,2024-09-26,2007-08-24,2020-03-04,2024-03-04,2025-09-12,2026-01-12,,,,,,2550,1901,649
은평구|대조1,1426,344,은평구,대조1,"대조동88,89",역말로10길1-17,민간,일반,주택정비형 재개발,착공,1342,2009-05-07,2024-11-07,2005-04-27,2011-12-01,2019-06-19,2017-01-26,2020-10-21,2019-05-23,2023-05-11,2019-08-07,2019-11-07,2022-09-21,2451,2083,368
영등포구|영등포도심역세권도시정비형재개발구역,1927,345,영등포구,영등포도심역세권도시정비형재개발구역,영등포동4가431-6번지일대,영중로3길7,민간,일반,도시정비형 재개발,조합설립,165,2021-06-10,2021-06-10,2022-08-09,2023-07-28,,,,,,,,,999,804,195
영등포구|대선제분일대1구역1지구,1926,346,영등포구,대선제분일대1구역1지구,문래동3가16-32,문래로30길5,민간,일반,도시정비형 재개발,사업시행,0,2020-11-26,2020-11-26,,2021-03-11,2021-05-13,2022-03-04,,,,,,,141,125,16
영등포구|문래동4가,1925,347,영등포구,문래동4가,문래동4가23-6번지,도림로141다길20,민간,일반,도시정비형 재개발,조합설립,284,2013-07-11,2013-07-11,2019-05-28,2023-04-04,,,,,,,,,1114,915,199
영등포구|대림1구역,2364,348,영등포구,대림1구역,대림동855-1,디지털로69나길7,민간,일반,주택정비형 재개발,추진위,213,2025-03-27,,2025-11-13,,,,,,,,,,1026,868,158
영등포구|대방역세권,2603,349,영등포구,대방역세권,신길동1358,여의대방로61길5-9,민간,일반,도시정비형 재개발,추진위,247,2025-06-19,,2026-03-09,,,,,,,,,,654,428,226
영등포구|대선제분1구역5지구,2730,350,영등포구,대선제분1구역5지구,문래동3가8-2,영신로23길17,민간,일반,도시정비형 재개발,관리처분,0,2020-11-26,2024-08-29,,,2024-12-23,2025-06-19,,2026-03-16,,,,,0,0,0
"영등포구|문래동1가A8,11지구",2728,351,영등포구,"문래동1가A8,11지구",문래동1가55,경인로80길3,민간,일반,도시정비형 재개발,구역지정,0,2013-07-11,2025-03-13,,,,,,,,,,,0,0,0
영등포구|문래동1가A-5,2175,352,영등포구,문래동1가A-5,문래동1가74,경인로76길6,민간,일반,도시정비형 재개발,관리처분,0,2013-07-11,2022-08-08,,2023-02-07,2022-09-22,2023-02-27,2025-07-11,2023-06-01,,,,,0,0,0
영등포구|문래동2가A-4,2176,353,영등포구,문래동2가A-4,문래동2가26,경인로719,민간,일반,도시정비형 재개발,구역지정,0,2013-07-11,2023-05-25,,,,,,,,,,,0,0,0
영등포구|신길1,2104,354,영등포구,신길1,신길동147-80,도신로56길29-5,공공,재촉,주택정비형 재개발,조합설립,909,2007-11-29,2024-12-26,,2025-05-01,,,,,,,,,1483,1042,441
강남구|도곡개포한신,1011,355,강남구,도곡개포한신,도곡동464,언주로123,민간,일반,공동주택재건축,관리처분,620,2017-03-16,2026-04-02,2003-11-14,2017-11-24,2020-07-28,2022-12-28,,2025-12-19,,2026-07-01,2026-10-31,,792,698,94
영등포구|신길16-2구역,2778,356,영등포구,신길16-2구역,신길동314-14,가마산로61길8-7,민간,일반,주택정비형 재개발,구역지정,264,2026-06-12,,,,,,,,,,,,937,702,235
영등포구|신길역세권,2407,357,영등포구,신길역세권,신길동39-3,서울영등포구영등포로62라길2,민간,일반,도시정비형 재개발,건축심의,581,2018-06-28,2024-05-16,2019-05-27,2021-07-05,2024-02-07,,,,,,,,999,599,400
영등포구|양평14,1947,358,영등포구,양평14,양평동2가29-6,선유서로89,공공,일반,도시정비형 재개발,추진위,118,2013-11-07,2013-11-07,2018-07-31,,,,,,,,,,258,198,60
영등포구|여의대방역세권,2610,359,영등포구,여의대방역세권,신길동1343,여의대방로61길6,민간,일반,도시정비형 재개발,추진위,304,2026-05-22,,2026-06-15,,,,,,,,,,592,381,211
송파구|삼환가락,1336,360,송파구,삼환가락,가락동176,오금로432,민간,일반,공동주택재건축,관리처분,648,2017-11-16,2024-11-21,2018-05-23,2019-04-29,2022-04-26,2024-02-28,,2026-02-03,,,,,1098,978,120
동대문구|전농,1123,361,동대문구,전농,전농동494-1,서울시립대로57,민간,재촉,도시정비형 재개발,사업시행,474,2006-03-30,2006-03-30,2005-12-26,2007-06-22,2023-09-26,2024-12-26,,,,,,,1104,914,190
동작구|노량진6,1148,362,동작구,노량진6,노량진동294-220,등용로4길78,민간,재촉,주택정비형 재개발,착공,886,2009-12-10,2023-10-12,2010-03-25,2011-03-17,2017-10-24,2014-09-01,2025-12-24,2021-01-25,2026-03-11,2021-06-01,2023-02-17,2025-06-27,1499,1237,262
동작구|노량진5,1147,363,동작구,노량진5,노량진동270-3,등용로4길148,민간,재촉,주택정비형 재개발,관리처분,541,2009-12-10,,2010-02-26,2016-02-11,2019-05-28,2021-02-26,,2023-09-25,,2024-04-22,2026-03-31,,727,597,130
동작구|노량진2,1144,364,동작구,노량진2,노량진동312-75,장승배기로15길34,민간,재촉,주택정비형 재개발,착공,283,2009-12-10,2023-01-26,2010-02-04,2010-06-24,2024-01-09,2014-08-08,2025-05-01,2021-03-08,2021-03-08,2021-09-01,2022-06-30,2025-11-14,404,299,105
동작구|노량진4,1146,365,동작구,노량진4,노량진동227-121,장승배기로20가길17-28,민간,재촉,주택정비형 재개발,관리처분,1168,2009-12-10,,2010-06-29,2015-04-02,2017-06-13,2018-04-30,2025-02-25,2022-12-19,,2023-12-12,2024-08-31,,835,709,126
동작구|노량진8,1150,366,동작구,노량진8,대방동23-61,등용로114,민간,재촉,주택정비형 재개발,착공,1099,2010-06-03,2026-02-13,2010-07-14,2011-11-14,2017-08-01,2018-09-19,2025-05-27,2021-12-29,2021-12-29,2022-09-26,2024-11-22,2025-10-30,987,815,172
동작구|노량진7,1149,367,동작구,노량진7,대방동13-31,등용로8가길6,민간,재촉,주택정비형 재개발,관리처분,599,2010-06-03,,2011-06-03,2013-02-07,2015-08-18,2017-06-09,2025-08-21,2024-05-07,,2024-11-01,2025-12-31,,576,478,98
동작구|흑석1,1133,368,동작구,흑석1,흑석동43-7,,민간,재촉,주택정비형 재개발,조합설립,493,2008-09-11,2020-01-23,2009-01-15,2022-03-31,,,,,,,,,493,493,0
동작구|흑석9,1141,369,동작구,흑석9,흑석동90,서달로10가길1,민간,재촉,주택정비형 재개발,착공,1906,2009-09-11,2025-11-27,2008-06-20,2013-03-28,2024-04-09,2017-11-30,2025-11-27,2019-10-23,2024-01-11,2022-08-18,2023-02-18,2025-04-04,1540,1278,262
동작구|흑석2,1134,370,동작구,흑석2,흑석동99-3,흑석로110,공공,재촉,도시정비형 재개발,조합설립,390,2008-09-11,2025-11-27,,2021-09-13,,,,,,,,,1012,660,352
동작구|흑석11,1142,371,동작구,흑석11,흑석동304,현충로144,민간,재촉,주택정비형 재개발,착공,1829,2012-07-26,2025-08-21,2014-07-28,2015-12-01,2020-06-23,2021-03-18,2025-08-28,2022-08-16,2023-06-14,2022-11-24,2024-01-08,2026-02-06,1515,1249,266
동작구|본동,2099,372,동작구,본동,본동47,노량진로256,공공,일반,주택정비형 재개발,조합설립,1222,2025-10-02,,,2025-11-20,,,,,,,,,1080,828,252
동작구|사당12,2324,373,동작구,사당12,사당동288,사당로16라길67,민간,일반,주택정비형 재개발,추진위,506,2026-01-15,,2026-01-28,,,,,,,,,,642,527,115
동작구|사당17,2851,374,동작구,사당17,사당동63-1,동작대로35가길73,민간,일반,주택정비형 재개발,추진위,397,2026-01-22,,2026-01-07,,,,,,,,,,856,715,141
동작구|사당5,2128,375,동작구,사당5,사당동303,사당로16길117,민간,일반,단독주택재건축,사업시행,414,2017-03-02,2025-06-12,2017-11-15,2018-11-21,2022-12-21,2024-02-14,,,,,,,530,495,35
동작구|상도14,2112,376,동작구,상도14,상도동244,성대로17길68,민간,일반,주택정비형 재개발,조합설립,775,2025-04-03,,,2025-10-02,,,,,,,,,1191,1040,151
동작구|상도15,2323,377,동작구,상도15,상도동279,성대로10길44,민간,일반,주택정비형 재개발,건축심의,2572,2025-04-03,,,2025-06-05,2026-05-21,,,,,,,,3204,2704,500
관악구|신림2,1076,378,관악구,신림2,신림동324-25,원신길225일대,민간,재촉,주택정비형 재개발,착공,1115,2008-04-10,2019-10-31,2008-04-24,2008-08-27,2017-08-22,2018-09-20,2025-07-03,2021-04-29,,2021-10-25,2022-12-30,2026-05-06,1430,1246,184
관악구|신림1,1075,379,관악구,신림1,신림동808,양지길94,민간,재촉,주택정비형 재개발,사업시행,4410,2008-04-10,2024-06-20,2016-03-24,2019-11-21,2023-02-27,2025-03-11,,,,,,,4185,3554,631
관악구|봉천1-1,1066,380,관악구,봉천1-1,보라매동728-57,보라매로6길10일대,민간,일반,단독주택재건축,사업시행,471,2009-11-26,2022-08-26,2007-12-17,2019-11-13,2023-07-25,2025-05-14,,,,,,,807,740,67
강북구|강북3,2341,381,강북구,강북3,미아동45-32번지일대,도봉로4길32,민간,재촉,도시정비형 재개발,관리처분,325,2023-04-27,2023-04-27,,2023-06-16,2024-03-04,2024-10-25,,2026-04-03,,,,,920,681,239
관악구|봉천14,1072,382,관악구,봉천14,봉천동4-51,청림5가길24,민간,일반,주택정비형 재개발,사업시행,632,2014-06-19,2024-04-18,2009-09-09,2020-09-29,2023-08-29,2025-05-30,,,,,,,1571,1311,260
관악구|신림미성아파트,1067,383,관악구,신림미성아파트,조원동1656,조원로2길13일대,민간,일반,공동주택재건축,사업시행,286,2010-12-16,2022-09-29,2004-02-27,2010-10-27,2023-11-28,2025-03-13,2025-03-13,,,,,,490,437,53
관악구|미성동건영아파트,1068,384,관악구,미성동건영아파트,미성동746-43,문성로74일대,민간,일반,공동주택재건축,조합설립,511,2018-11-08,2022-11-24,2019-10-28,2020-12-30,,,,,,,,,601,551,50
관악구|뉴서울개나리열망연립,1064,385,관악구,뉴서울개나리열망연립,신림동739,미성10길64일대,민간,일반,공동주택재건축,사업시행,211,2019-12-16,2022-11-03,2007-06-05,2020-11-05,2022-05-26,2023-07-13,,,,,,,306,275,31
관악구|봉천13,2430,386,관악구,봉천13,봉천동922-1,남부순환로1752,공공,일반,주택정비형 재개발,조합설립,169,2009-12-24,2025-10-23,2006-03-30,2022-02-10,,,,,,,,,464,299,165
관악구|신림5,2340,387,관악구,신림5,신림동412,,민간,일반,주택정비형 재개발,조합설립,5044,2026-02-26,,,2026-06-04,,,,,,,,,3973,3349,624
관악구|신림6,2552,388,관악구,신림6,신림동419,,민간,일반,주택정비형 재개발,구역지정,0,2026-05-28,,,,,,,,,,,,957,768,189
관악구|신림7,2093,389,관악구,신림7,신림동675,,민간,일반,주택정비형 재개발,구역지정,1226,2024-09-26,,,,,,,,,,,,1402,1111,291
관악구|신림8,2551,390,관악구,신림8,신림동650,,민간,일반,주택정비형 재개발,추진위,2195,2026-02-26,,2026-02-10,,,,,,,,,,2257,1917,340
"서초구|반포주공1단지(1,2,4주구)",1303,391,서초구,"반포주공1단지(1,2,4주구)",반포동810,서초구신반포로45,민간,일반,아파트지구재건축,착공,2210,2017-04-27,2022-06-23,2011-12-28,2013-09-11,2017-07-04,2017-09-27,2024-09-03,2018-12-03,2026-02-12,2021-06-01,2021-11-30,2024-03-29,5007,4794,213
강서구|등촌1,1057,392,강서구,등촌1,등촌동366-24,등촌로51마길18,민간,일반,단독주택재건축,착공,441,2008-10-23,2020-11-11,2006-08-03,2009-11-26,2021-03-16,2013-01-09,2024-05-27,2018-05-02,2024-10-02,2020-10-28,2022-11-04,2023-08-25,543,517,26
서초구|방배13,1287,393,서초구,방배13,방배동541-2,서초구효령로14다길6,민간,일반,단독주택재건축,관리처분,2911,2015-02-17,2023-07-20,2015-11-23,2016-07-29,2017-04-25,2017-09-06,2025-10-02,2018-09-03,2025-12-26,2021-03-30,2024-12-04,,2228,1903,325
서초구|방배14,1288,394,서초구,방배14,방배동975-35,서초구방배중앙로3길26,민간,일반,단독주택재건축,관리처분,506,2014-07-10,2022-10-06,2015-01-22,2016-04-25,2024-08-27,2017-06-20,2025-07-29,2017-12-28,,2021-10-01,2022-09-07,,492,440,52
강남구|도곡삼호,1016,395,강남구,도곡삼호,도곡동540,도곡로242,민간,일반,공동주택재건축,착공,144,2017-07-20,2022-04-22,2018-01-10,2018-06-19,2019-09-10,2020-09-16,2025-12-30,2022-10-25,,2022-12-12,2023-01-31,2024-02-06,308,260,48
서초구|방배7,1286,396,서초구,방배7,방배동891-3,서초구서초대로32길30-6,민간,일반,단독주택재건축,사업시행,234,2012-07-26,2023-12-28,2006-05-04,2021-01-11,2023-06-28,2024-06-25,,,,,,,316,299,17
서초구|방배삼익,1291,397,서초구,방배삼익,방배동1018-1,서초구효령로34길79,민간,일반,공동주택재건축,착공,408,2012-02-09,2025-09-11,2009-09-28,2017-12-04,2018-09-18,2019-05-23,2024-09-25,2021-12-16,2025-12-12,2022-06-13,2022-11-08,2023-11-21,707,621,86
서초구|방배삼호,1299,398,서초구,방배삼호,방배동771-1,방배로43길21,민간,일반,아파트지구재건축,추진위,804,,,2005-06-29,,,,,,,,,,0,0,0
서초구|방배신동아,1293,399,서초구,방배신동아,방배동988-1,서초구효령로164,민간,일반,공동주택재건축,관리처분,493,2020-05-14,2024-05-09,2020-09-02,2020-12-31,2025-07-07,2022-07-08,2026-03-12,2023-10-12,,2023-10-12,2024-01-12,,843,734,109
서초구|방배신삼호,1292,400,서초구,방배신삼호,방배동725,방배로270,민간,일반,공동주택재건축,조합설립,481,2016-09-08,2024-12-26,2004-05-14,2019-03-15,,,,,,,,,920,785,135
서초구|삼호가든5차,1297,401,서초구,삼호가든5차,반포동30-1,서초중앙로242,민간,일반,아파트지구재건축,건축심의,168,2022-10-06,,2017-03-02,2020-09-09,2024-02-13,,,,,,,,317,271,46
서초구|서초신동아,1301,402,서초구,서초신동아,서초동1333,사임당로137,민간,일반,아파트지구재건축,착공,997,2004-12-27,2024-04-11,2003-12-19,2015-04-10,2016-08-23,2017-03-31,2024-04-15,2018-05-15,2025-05-01,2023-08-07,2023-12-03,2024-12-31,1161,1161,0
노원구|상계2,1096,403,노원구,상계2,상계동111-206,상계로35가길27,민간,재촉,주택정비형 재개발,사업시행,1819,2008-09-11,2026-03-19,2009-08-24,2010-05-07,2020-04-14,2021-09-01,2023-07-17,,,,,,2200,1774,426
노원구|월계동신아파트,1100,404,노원구,월계동신아파트,월계동436,"석계로5길11,5층",민간,일반,공동주택재건축,관리처분,864,2009-09-24,2026-02-12,2006-12-04,2017-08-10,2020-02-11,2021-06-14,2021-06-14,2023-09-06,2023-09-06,,,,1029,1029,0
성동구|용답동,1230,405,성동구,용답동,용답동108-1,,민간,일반,주택정비형 재개발,착공,1844,2007-09-27,2022-12-01,2006-07-30,2007-11-16,2015-08-01,2017-01-12,2024-05-13,2018-07-06,2024-04-04,2018-09-27,2020-10-30,2023-10-24,1670,1365,305
"서초구|신반포19차,25차",1313,406,서초구,"신반포19차,25차",잠원동61-2,서초구잠원로8길20,민간,일반,아파트지구재건축,조합설립,447,2022-03-03,2025-11-13,,2022-03-07,,,,,,,,,639,556,83
서초구|신반포22차,1316,407,서초구,신반포22차,잠원동65-33,서초구잠원로86,민간,일반,아파트지구재건축,착공,132,2017-03-02,,2016-02-23,2017-04-06,2017-06-20,2017-09-22,2022-06-23,2018-04-13,2018-04-13,2022-05-06,2022-08-06,2024-04-24,160,160,0
서초구|신반포27차,1319,408,서초구,신반포27차,잠원동56-2,서초구잠원로8길3,민간,일반,아파트지구재건축,관리처분,156,2021-02-15,,2017-02-28,2018-06-06,2022-04-26,2023-01-12,,2025-09-23,2025-12-26,2025-11-01,2026-04-30,,210,177,33
서초구|신반포2차,1320,409,서초구,신반포2차,잠원동73,서초구신반포로23길41,민간,일반,공동주택재건축,건축심의,1572,2024-07-11,2025-02-20,2003-09-01,2020-11-16,2026-04-16,,,,,,,,2057,1797,260
서초구|신반포4차,1307,410,서초구,신반포4차,잠원동70,서초구잠원로37-48,민간,일반,아파트지구재건축,조합설립,1212,2023-09-21,2024-08-22,2003-11-24,2019-12-31,,,,,,,,,1828,1543,285
서초구|신반포7차,1321,411,서초구,신반포7차,잠원동65-32,잠원로88,공공,일반,아파트지구재건축,조합설립,320,,,,2002-12-24,,,,,,,,,857,652,205
서초구|신반포궁전,1289,412,서초구,신반포궁전,반포동65-1,서초구사평대로142,민간,일반,공동주택재건축,조합설립,108,2014-08-21,,2015-05-07,2025-11-21,,,,,,,,,249,208,41
서초구|강남원효성빌라,2308,413,서초구,강남원효성빌라,반포동591-1외5,서초구사평대로20길76,민간,일반,공동주택재건축,조합설립,103,2021-01-21,2021-01-21,2022-01-06,2022-12-19,,,,,,,,,103,103,0
서초구|대우효령,2643,414,서초구,대우효령,방배동1038,서초구효령로84,민간,일반,공동주택재건축,추진위,364,,,2026-04-02,,,,,,,,,,0,0,0
서초구|반포미도1차,2209,415,서초구,반포미도1차,반포동60-4,서초구서초중앙로29길28,민간,일반,공동주택재건축,건축심의,1260,2024-04-25,,2025-01-24,2025-09-30,2026-06-18,,,,,,,,1739,1531,208
서초구|반포미도2차,2311,416,서초구,반포미도2차,반포동60-5,서초구사평대로240,민간,일반,공동주택재건축,추진위,435,,,2026-02-13,,,,,,,,,,0,0,0
서초구|방배15구역,2232,417,서초구,방배15구역,방배동528-3,서초구청두곶8길16-9,민간,일반,단독주택재건축,건축심의,1619,2022-09-08,2022-09-08,2023-04-06,2023-12-19,2025-09-30,,,,,,,,1688,1378,310
서초구|방배임광3차,2312,418,서초구,방배임광3차,방배동1010-1외1,서초구방배로2길24-5,민간,일반,공동주택재건축,추진위,316,2025-07-17,,2026-01-23,,,,,,,,,,379,332,47
서초구|서초진흥아파트,1308,419,서초구,서초진흥아파트,서초동1315,서초구서초대로385,민간,일반,아파트지구재건축,조합설립,615,2025-01-23,,2004-05-13,2020-03-12,,,,,,,,,857,763,94
용산구|산호아파트,2127,420,용산구,산호아파트,원효로4가118-16,원효로66,민간,일반,아파트지구재건축,사업시행,554,2020-01-09,2022-06-24,2005-03-11,2017-08-31,2021-04-15,2024-03-29,,,,,,,647,574,73
강남구|도곡삼익,1001,421,강남구,도곡삼익,도곡동869,논현로218,민간,일반,공동주택재건축,추진위,273,2012-06-21,2012-06-21,2003-12-29,,,,,,,,,,369,318,51
강남구|은마아파트,1007,422,강남구,은마아파트,대치동316,삼성로212,민간,일반,공동주택재건축,건축심의,4424,2023-02-16,2023-11-27,2003-12-31,2023-09-26,2025-02-26,,,,,,,,5850,4941,909
강남구|대치쌍용1차,1014,423,강남구,대치쌍용1차,대치동66,삼성로67길46,민간,일반,공동주택재건축,사업시행,630,2013-10-04,2021-11-25,2014-11-20,2016-01-06,2018-01-23,2018-10-12,2022-05-15,,,,,,999,867,132
강남구|대치쌍용2차(통합재건축),1015,424,강남구,대치쌍용2차(통합재건축),대치동65,삼성로69길47-5,민간,일반,공동주택재건축,사업시행,364,2013-10-04,2013-10-04,2014-11-14,2015-07-02,2016-12-27,2017-09-12,2022-09-23,,,,,,1324,1165,159
강남구|대치우성1차(통합재건축),1010,425,강남구,대치우성1차(통합재건축),대치동63,삼성로63길46,민간,일반,공동주택재건축,사업시행,476,2015-06-25,2018-12-06,2016-01-26,2017-01-17,2021-10-26,2022-09-08,,,,,,,1332,1173,159
강남구|개포현대2차,1000,426,강남구,개포현대2차,개포동654,언주로107,민간,일반,공동주택재건축,추진위,558,2026-01-29,2026-01-29,2026-03-11,,,,,,,,,,1095,933,162
강남구|일원개포한신,1012,427,강남구,일원개포한신,일원동615-1,개포로110길43,민간,일반,공동주택재건축,관리처분,364,2017-07-13,2024-05-02,2018-01-25,2018-11-05,2020-04-28,2021-08-06,2026-02-10,2023-11-10,,2025-10-30,2026-03-31,,483,422,61
강남구|압구정아파트지구특별계획구역5,1006,428,강남구,압구정아파트지구특별계획구역5,압구정동490,압구정로321,민간,일반,아파트지구재건축,조합설립,1232,,,2017-08-19,2021-02-22,,,,,,,,,1401,1261,140
강남구|압구정아파트지구특별계획구역3,1004,429,강남구,압구정아파트지구특별계획구역3,압구정동369-1,압구정로29길71,민간,일반,아파트지구재건축,조합설립,3934,,,2018-09-12,2021-04-19,,,,,,,,,5175,4534,641
관악구|봉천4-1-3,1070,430,관악구,봉천4-1-3,봉천동480,,민간,일반,주택정비형 재개발,사업시행,642,,2009-11-19,2008-07-15,2014-05-15,2023-02-14,2024-05-30,2024-05-30,,,,,,855,694,161
강남구|압구정아파트지구특별계획구역4,1005,431,강남구,압구정아파트지구특별계획구역4,압구정동481,압구정로309,민간,일반,아파트지구재건축,조합설립,1341,2025-04-11,2025-04-11,2017-11-01,2021-02-10,,,,,,,,,1664,1471,193
"강남구|개포주공6,7단지",1009,432,강남구,"개포주공6,7단지",개포동185,개포로516,민간,일반,공동주택재건축,사업시행,1960,2017-11-23,2024-04-26,2019-02-12,2021-01-22,2023-06-13,2024-11-11,,,,,,,2698,2353,345
강남구|개포우성4차,1862,433,강남구,개포우성4차,도곡동465,언주로117,민간,일반,공동주택재건축,조합설립,459,2022-04-14,2022-04-14,2022-09-28,2023-09-22,,,,,,,,,1080,952,128
강남구|개포우성6차,1864,434,강남구,개포우성6차,개포동658-1,언주로3,민간,일반,공동주택재건축,조합설립,270,2022-03-10,2022-03-10,2022-09-28,2024-04-24,,,,,,,,,417,395,22
강남구|개포우성7차,1865,435,강남구,개포우성7차,일원동615,개포로110길15,민간,일반,공동주택재건축,조합설립,802,2022-04-14,2022-04-14,2022-11-11,2024-02-02,,,,,,,,,1234,1055,179
강남구|압구정아파트지구특별계획구역1,1002,436,강남구,압구정아파트지구특별계획구역1,압구정동414,압구정로11길17,민간,일반,아파트지구재건축,추진위,1233,,,2020-11-06,,,,,,,,,,0,0,0
강남구|압구정아파트지구특별계획구역2,1003,437,강남구,압구정아파트지구특별계획구역2,압구정동434,압구정로151,민간,일반,아파트지구재건축,조합설립,1924,2025-03-13,2025-03-13,2020-11-06,2021-04-12,,,,,,,,,2381,2078,303
"강남구|경우현(개포경남,우성3차,현대1차)",1992,438,강남구,"경우현(개포경남,우성3차,현대1차)",개포동649,언주로110,민간,일반,공동주택재건축,추진위,1499,2025-06-26,,2026-04-28,,,,,,,,,,2343,1978,365
강남구|논현동현,2000,439,강남구,논현동현,논현동105,언주로146길18,민간,일반,공동주택재건축,추진위,548,2023-10-19,2025-10-16,2026-04-10,,,,,,,,,,905,779,126
강남구|대치미도,1990,440,강남구,대치미도,대치동511,삼성로150,민간,일반,공동주택재건축,추진위,2436,2025-07-17,2017-03-16,2026-03-20,,,,,,,,,,3914,3158,756
강남구|도곡우성,2001,441,강남구,도곡우성,도곡동934-10,남부순환로363길49,민간,일반,공동주택재건축,조합설립,390,2023-07-20,2025-11-13,2024-03-08,2025-03-31,,,,,,,,,548,460,88
강남구|압구정아파트지구특별계획구역6,2009,442,강남구,압구정아파트지구특별계획구역6,압구정동513,압구정로401,민간,일반,아파트지구재건축,조합설립,672,,,,2002-09-13,,,,,,,,,0,0,0
"강남구|역삼동(758,은하수,760)",2153,443,강남구,"역삼동(758,은하수,760)",역삼동758,언주로70길,민간,일반,아파트지구재건축,착공,161,2018-05-31,2023-09-14,2010-07-08,2018-11-14,2019-11-26,2021-06-02,2025-10-02,2022-10-31,2025-03-24,2023-09-01,2024-02-29,2025-04-15,237,237,0
강남구|일원가람,2427,444,강남구,일원가람,일원동735,일원로127,민간,일반,공동주택재건축,추진위,496,2026-04-16,,2026-02-09,,,,,,,,,,818,757,61
강남구|일원상록수,2367,445,강남구,일원상록수,일원동734,광평로10길15,민간,일반,공동주택재건축,구역지정,740,2026-06-04,,,,,,,,,,,,0,0,0
강남구|청담삼성진흥,2007,446,강남구,청담삼성진흥,"청담동65,삼성동53-2",학동로513,민간,일반,공동주택재건축,추진위,630,2026-04-16,,2026-02-09,,,,,,,,,,0,0,0
송파구|마천1,1326,447,송파구,마천1,마천동194-1,성내천로34길12,민간,재촉,주택정비형 재개발,조합설립,2749,2020-01-02,2026-05-28,2020-11-26,2022-05-25,,,,,,,,,3113,2416,697
송파구|마천2,1769,448,송파구,마천2,마천동183,마천로51길16-15,민간,재촉,주택정비형 재개발,추진위,1592,2012-07-26,2025-05-15,2020-11-26,,,,,,,,,,1729,1273,456
송파구|마천3,1327,449,송파구,마천3,마천동283,성내천로49길2-1,민간,재촉,주택정비형 재개발,사업시행,3036,2017-06-01,2022-10-20,2018-05-03,2020-06-22,2024-04-30,2026-03-31,,,,,,,2364,1969,395
송파구|마천4,1328,450,송파구,마천4,마천동323,마천로61마길12-10,민간,재촉,주택정비형 재개발,관리처분,1219,2012-07-26,2025-02-27,2014-04-17,2015-07-24,2019-02-26,2021-04-02,,2024-01-30,2024-06-13,2024-09-01,2025-11-30,,1254,968,286
송파구|가락1차현대,1337,451,송파구,가락1차현대,문정동3,동남로160,민간,일반,공동주택재건축,사업시행,514,2017-11-16,2023-06-29,2018-07-06,2019-07-19,2023-02-28,2025-01-24,,,,,,,942,782,160
송파구|가락극동,1338,452,송파구,가락극동,가락동192,동남로18길9,민간,일반,공동주택재건축,건축심의,555,2017-11-23,2024-11-28,2018-07-03,2020-06-26,2025-12-29,,,,,,,,999,876,123
송파구|잠실우성4차,1333,453,송파구,잠실우성4차,잠실동320,백제고분로18길30,민간,일반,공동주택재건축,관리처분,555,2017-07-06,2023-08-24,2009-12-07,2018-04-02,2022-12-13,2023-08-31,,2025-12-31,,,,,825,732,93
은평구|불광1,1435,454,은평구,불광1,불광동19-3,불광로146,민간,일반,단독주택재건축,사업시행,302,2012-09-27,2024-05-23,2006-09-04,2020-08-27,2023-12-21,2024-12-26,,,,,,,499,499,0
송파구|가락상아1차,1339,455,송파구,가락상아1차,오금동166,오금로405,민간,일반,공동주택재건축,관리처분,226,2017-12-29,2021-10-14,2019-01-28,2020-06-19,2021-05-25,2022-05-20,,2025-01-16,,2025-07-01,2025-10-31,,405,342,63
송파구|가락우성1차,2236,456,송파구,가락우성1차,가락동96-1,송파대로32길8,민간,일반,공동주택재건축,조합설립,838,2024-02-29,2024-02-29,2024-12-24,2026-03-12,,,,,,,,,967,875,92
송파구|가락우창,2718,457,송파구,가락우창,오금동164,동남로24길6,민간,일반,공동주택재건축,조합설립,264,2025-10-02,2025-10-02,2026-02-05,2026-03-12,,,,,,,,,471,399,72
송파구|가락프라자,1334,458,송파구,가락프라자,가락동199,문정로125,민간,일반,공동주택재건축,관리처분,672,2017-07-20,2025-07-17,2017-12-01,2019-03-28,2026-03-05,2024-01-11,,2025-03-14,2025-03-14,2025-09-30,2025-12-31,,1068,953,115
송파구|거여새마을,2105,459,송파구,거여새마을,거여동551-14,오금로68길17,공공,재촉,주택정비형 재개발,사업시행,1775,2023-01-12,2023-01-12,,2023-02-23,2025-09-30,2026-02-12,,,,,,,1678,1207,471
송파구|대림가락,1949,460,송파구,대림가락,방이동217,양재대로1109,민간,일반,공동주택재건축,건축심의,480,2021-10-07,2021-10-07,2022-04-08,2023-02-09,2026-04-16,,,,,,,,890,757,133
송파구|마천5,2094,461,송파구,마천5,마천동45,거마로24길11,민간,재촉,주택정비형 재개발,조합설립,1618,2024-09-12,2024-09-12,2025-04-22,2026-01-08,,,,,,,,,2041,1633,408
서대문구|북아현2,1160,462,서대문구,북아현2,북아현동520,북아현520번지일대,민간,재촉,주택정비형 재개발,관리처분,4086,2008-02-05,2008-02-05,2008-02-29,2009-03-27,2020-11-10,2009-12-08,2022-03-17,2026-04-23,,,,,2320,1919,401
송파구|송파미성,1948,463,송파구,송파미성,송파동161,오금로32길10,민간,일반,공동주택재건축,조합설립,378,2021-03-25,2021-03-25,2022-01-27,2023-05-31,,,,,,,,,773,653,120
송파구|오금현대,2235,464,송파구,오금현대,오금동43,오금로35길17,민간,일반,공동주택재건축,조합설립,1316,2024-07-25,2024-07-25,2025-03-19,2026-01-21,,,,,,,,,2436,2029,407
"송파구|잠실우성1,2,3차",1332,465,송파구,"잠실우성1,2,3차",잠실동101-1,올림픽로4길42,민간,일반,공동주택재건축,건축심의,1842,2015-12-01,2024-01-11,2006-10-04,2021-06-11,2026-05-28,,,,,,,,2646,2328,318
동대문구|장안현대,1115,466,동대문구,장안현대,장안동95-1,한천로244,민간,일반,공동주택재건축,관리처분,456,2017-09-14,2022-12-01,2018-06-12,2020-07-10,2022-06-14,2024-08-13,2024-08-13,2026-06-18,2026-06-18,,,,746,641,105
송파구|잠실주공5단지,1342,467,송파구,잠실주공5단지,잠실동27,송파대로567,민간,일반,아파트지구재건축,건축심의,3930,2005-12-15,2025-12-11,2003-12-29,2013-12-19,2025-06-19,,,,,,,,6411,5580,831
"송파구|장미1,2,3차",1340,468,송파구,"장미1,2,3차",신천동7,올림픽로35길104,민간,일반,아파트지구재건축,조합설립,3522,2005-12-25,,2016-06-28,2020-03-24,,,,,,,,,5105,4554,551
송파구|풍납미성,2237,469,송파구,풍납미성,풍납동219,풍성로14,민간,일반,공동주택재건축,추진위,275,2026-04-02,2026-04-02,2026-01-08,,,,,,,,,,444,402,42
송파구|한양2차,1341,470,송파구,한양2차,송파동151,가락로192,민간,일반,아파트지구재건축,조합설립,744,2005-12-15,2025-05-01,2010-07-26,2020-11-02,,,,,,,,,1346,1092,254
송파구|한양3차,1343,471,송파구,한양3차,방이동225,양재대로1089,민간,일반,공동주택재건축,관리처분,252,2019-08-29,2023-09-27,2020-01-29,2021-03-03,2022-12-20,2024-05-14,,2026-06-17,,,,,507,430,77
강동구|천호8,1736,472,강동구,천호8,천호동166-4,진황도로36,민간,재촉,도시정비형 재개발,건축심의,196,2006-10-19,2021-11-04,2022-08-04,2024-01-16,2025-09-30,,,,,,,,520,363,157
강동구|명일신동아,2370,473,강동구,명일신동아,명일동44,고덕로240,민간,일반,공동주택재건축,추진위,570,2025-11-06,,2026-04-15,,,,,,,,,,0,0,0
강동구|명일우성,2374,474,강동구,명일우성,명일동42,고덕로62길58,민간,일반,공동주택재건축,추진위,572,,,2026-06-24,,,,,,,,,,0,0,0
강동구|명일한양아파트,2384,475,강동구,명일한양아파트,명일동54,동남로71길19,민간,일반,공동주택재건축,추진위,540,,,2026-06-24,,,,,,,,,,0,0,0
강동구|명일동고덕현대,2194,476,강동구,명일동고덕현대,명일동56,,민간,일반,공동주택재건축,추진위,524,2025-11-06,,2026-04-17,,,,,,,,,,0,0,0
강동구|삼익그린2차,1041,477,강동구,삼익그린2차,명일동15,고덕로210,민간,일반,아파트지구재건축,조합설립,2400,2018-10-17,2018-10-17,2019-12-13,2021-07-05,,,,,,,,,0,0,0
강동구|삼익맨션,1039,478,강동구,삼익맨션,명일동270,상암로214,민간,일반,공동주택재건축,조합설립,768,2020-02-13,2022-11-16,2020-08-27,2021-07-12,,,,,,,,,1169,1014,155
동대문구|신설1,1112,479,동대문구,신설1,신설동92-5,하정로6길14,공공,일반,주택정비형 재개발,사업시행,121,2008-10-30,2024-08-08,,2021-07-22,2024-08-20,2025-03-20,,,,,,,299,189,110
강동구|상일동대림빌라,2483,480,강동구,상일동대림빌라,상일동178,상암로355,민간,일반,공동주택재건축,추진위,108,,,2026-03-13,,,,,,,,,,0,0,0
강동구|상일동삼성빌라,2571,481,강동구,상일동삼성빌라,상일동173,상암로315,민간,일반,공동주택재건축,추진위,132,,,2026-03-13,,,,,,,,,,0,0,0
강동구|상일동우성타운,2369,482,강동구,상일동우성타운,상일동174,상암로331,민간,일반,공동주택재건축,추진위,105,,,2026-03-13,,,,,,,,,,0,0,0
강동구|상일동현대빌라,2368,483,강동구,상일동현대빌라,상일동172,상암로305,민간,일반,공동주택재건축,추진위,84,,,2026-03-13,,,,,,,,,,0,0,0
강동구|천호3-1,2070,484,강동구,천호3-1,천호동214-19,,민간,일반,주택정비형 재개발,추진위,285,2025-09-04,,2026-05-13,,,,,,,,,,390,390,0
강동구|천호3-2,1843,485,강동구,천호3-2,천호동397-419,구천면로244-10,민간,일반,주택정비형 재개발,건축심의,307,2022-07-21,2022-07-21,2023-04-07,2024-04-26,2026-01-15,,,,,,,,420,343,77
강동구|천호3-3,2068,486,강동구,천호3-3,천호동532-2,,민간,일반,주택정비형 재개발,조합설립,193,2023-07-27,2023-07-27,2024-02-20,2024-12-02,,,,,,,,,568,461,107
강동구|천호A1-1,2102,487,강동구,천호A1-1,천호동467-61,선사로6길12,공공,일반,주택정비형 재개발,조합설립,581,2024-11-28,,,2024-12-18,,,,,,,,,747,480,267
강동구|천호A1-2,2095,488,강동구,천호A1-2,천호동461-31,,민간,일반,주택정비형 재개발,조합설립,630,2024-03-14,,,2025-09-15,,,,,,,,,781,645,136
영등포구|신길13,2126,489,영등포구,신길13,신길동340-1,신길로23길20,공공,재촉,공동주택재건축,사업시행,167,2007-11-29,2007-11-29,2020-03-19,2021-03-11,2024-10-11,2025-11-24,,,,,,,586,476,110
도봉구|쌍문2구역,2887,490,도봉구,쌍문2구역,쌍문2동 81번지,쌍문4동 137번지 일대,민간,일반,주택정비형 재개발,추진위,1208,2026-04-02,,2026-06-18,,,,,,,,,,1919,1594,325
"종로구|효제1,2,3구역",2886,491,종로구,"효제1,2,3구역",효제동 292-2,,민간,일반,도시정비형 재개발,구역지정,0,2026-03-19,2026-04-30,,,,,,,,,,,0,0,0
구로구|개봉 7구역,2522,492,구로구,개봉 7구역,개봉동 49번지,고척로21가길 84-15,민간,일반,주택정비형 재개발,구역지정,709,2026-04-09,,,,,,,,,,,,1364,1144,220
용산구|효창공원앞역세권,2890,493,용산구,효창공원앞역세권,효창동 5-307,백범로 47가길 7,민간,일반,도시정비형 재개발,추진위,1625,2026-04-16,2026-04-16,2026-04-03,,,,,,,,,,2993,1800,1193
동작구|남성역A 역세권 활성화,2891,494,동작구,남성역A 역세권 활성화,사당동 252-15,사당로 219,민간,일반,도시정비형 재개발,구역지정,0,2025-01-09,,,,,,,,,,,,659,492,167
구로구|오류동4번지일대,2523,495,구로구,오류동4번지일대,오류동4,고척로3길 74,민간,일반,주택정비형 재개발,구역지정,1109,2026-04-30,,,,,,,,,,,,1292,1085,207
노원구|태릉우성아파트,2896,496,노원구,태릉우성아파트,공릉동 254,노원로 29,민간,일반,공동주택재건축,구역지정,432,2026-05-28,,,,,,,,,,,,704,617,87

